[Licensing::Module] Trying to connect to existing licensing client channel...
Built from '6000.5/staging' branch; Version is '6000.5.2f1 (eb73d3b415a1) revision 15430611'; Using compiler version '194234433'; Build Type 'Release'
[Licensing::IpcConnector] Successfully connected to: "LicenseClient-joema" at "2026-07-27T23:59:07.718774Z"
OS: 'Windows 11  (10.0.26200) Professional' Language: 'en' Physical Memory: 16305 MB
BatchMode: 0, IsHumanControllingUs: 1, StartBugReporterOnCrash: 1, Is64bit: 1
System  architecture: x64
Process architecture: x64
Date: 2026-07-27T23:59:07Z

COMMAND LINE ARGUMENTS:
C:\Program Files\Unity\Hub\Editor\6000.5.2f1\Editor\Unity.exe
-projectpath
C:\Users\joema\OneDrive\Documents\Unity\CRPG-Test
-acceptSoftwareTermsForThisRunOnly
-useHub
-hubIPC
-cloudEnvironment
production
-licensingIpc
LicenseClient-joema
-hubSessionId
3b3d6028-5bc9-4aa7-b6a4-b455caaba755
-accessToken
UfNnhbX5VgAQr9Qo4TJ9kot0YYF6Grx64T033DPnuCo012f
Successfully changed project path to: C:\Users\joema\OneDrive\Documents\Unity\CRPG-Test
C:/Users/joema/OneDrive/Documents/Unity/CRPG-Test
[UnityMemory] Configuration Parameters - Can be set up in boot.config
    "memorysetup-temp-allocator-size-gi-baking-worker=262144"
    "memorysetup-temp-allocator-size-gi-baking-worker=262144"
    "memorysetup-temp-allocator-size-gi-baking-worker=262144"
    "memorysetup-temp-allocator-size-gi-baking-worker=262144"
    "memorysetup-temp-allocator-size-gi-baking-worker=262144"
    "memorysetup-temp-allocator-size-nav-mesh-worker=65536"
    "memorysetup-temp-allocator-size-audio-worker=65536"
    "memorysetup-temp-allocator-size-cloud-worker=32768"
    "memorysetup-temp-allocator-size-gfx=262144"
    "memorysetup-temp-allocator-size-preload-manager=33554432"
    "memorysetup-allocator-temp-initial-block-size-main=262144"
    "memorysetup-allocator-temp-initial-block-size-worker=262144"
    "memorysetup-temp-allocator-size-job-worker=262144"
    "memorysetup-temp-allocator-size-background-worker=32768"
    "memorysetup-bucket-allocator-granularity=16"
    "memorysetup-bucket-allocator-bucket-count=8"
    "memorysetup-bucket-allocator-block-size=33554432"
    "memorysetup-bucket-allocator-block-count=8"
    "memorysetup-main-allocator-block-size=16777216"
    "memorysetup-thread-allocator-block-size=16777216"
    "memorysetup-main-allocator-mimalloc-enabled=0"
    "memorysetup-gfx-main-allocator-block-size=16777216"
    "memorysetup-gfx-thread-allocator-block-size=16777216"
    "memorysetup-cache-allocator-block-size=4194304"
    "memorysetup-typetree-allocator-block-size=2097152"
    "memorysetup-profiler-bucket-allocator-granularity=16"
    "memorysetup-profiler-bucket-allocator-bucket-count=8"
    "memorysetup-profiler-bucket-allocator-block-size=33554432"
    "memorysetup-profiler-bucket-allocator-block-count=8"
    "memorysetup-profiler-allocator-block-size=16777216"
    "memorysetup-profiler-editor-allocator-block-size=1048576"
    "memorysetup-temp-allocator-size-main=16777216"
    "memorysetup-job-temp-allocator-block-size=2097152"
    "memorysetup-job-temp-allocator-block-size-background=1048576"
    "memorysetup-job-temp-allocator-reduction-small-platforms=262144"
Player connection [48640]  Target information:

Player connection [48640]  * "[IP] 100.89.51.124 [Port] 55504 [Flags] 2 [Guid] 1009770250 [EditorId] 1009770250 [Version] 1048832 [Id] WindowsEditor(7,jmagtinytower) [Debug] 1 [PackageName] WindowsEditor [ProjectName] Editor" 

Player connection [48640]  * "[IP] 192.168.0.24 [Port] 55504 [Flags] 2 [Guid] 1009770250 [EditorId] 1009770250 [Version] 1048832 [Id] WindowsEditor(7,jmagtinytower) [Debug] 1 [PackageName] WindowsEditor [ProjectName] Editor" 

Player connection [48640] Host joined multi-casting on [225.0.0.222:54997]...
Player connection [48640] Host joined alternative multi-casting on [225.0.0.222:34997]...
Input System module state changed to: Initialized.
[Physics::Module] Initialized fallback backend.
[Physics::Module] Id: 0xdecafbad
[Licensing::Client] Error: HandshakeResponse reported an error:
	ResponseCode: 505
	ResponseStatus: Unsupported protocol version '1.18.1'.
[Licensing::Module] Error: Failed to handshake to channel: "LicenseClient-joema"
[Licensing::IpcConnector] LicenseClient-joema channel disconnected successfully.
[Licensing::IpcConnector] Channel LicenseClient-joema-6000.5.2 doesn't exist
[Licensing::Module] Successfully launched the LicensingClient (PId: 39948)
[Package Manager] Connected to IPC stream "Upm-39040" after 0.4 seconds.
[Licensing::Module] Licensing is not yet initialized.
Starting IPC server.
Waiting for clients to connect on \\.\pipe\Unity-LicenseClient-joema-6000.5.2, press Ctrl-C to exit.
[Licensing::IpcConnector] Successfully connected to: "LicenseClient-joema-6000.5.2" at "2026-07-27T23:59:11.7805853Z"
[Licensing::Client] Code 10 while verifying Licensing Client signature (process Id: 39948, path: "C:/Program Files/Unity/Hub/Editor/6000.5.2f1/Editor/Data/Resources/Licensing/Client/Unity.Licensing.Client.exe")
[Licensing::Module] LicensingClient has failed validation; ignoring
[Licensing::Client] Handshaking with LicensingClient:
  Version:                 1.18.1+9fbee8e
  Session Id:              4afe9a9f14204ad186e08b47dca81d7f
  Correlation Id:          e34cb59c63ca98e90c3aa0a257d8cd71
  External correlation Id: 4855893864263658617
  Machine Id:              09Lr68PviUQFHYxq9BI4QCvz4cY=
[Licensing::Module] Successfully connected to LicensingClient on channel: "LicenseClient-joema-6000.5.2" (connect: 2.91s, validation: 0.39s, handshake: 0.06s)
[Licensing::IpcConnector] Successfully connected to: "LicenseClient-joema-6000.5.2-notifications" at "2026-07-27T23:59:12.2300721Z"
[Licensing::Module] Connected to LicensingClient (PId: 39948, launch time: 0.04, total connection time: 3.36s)
[Licensing::Client] Successfully updated the access token
[Licensing::Module] Successfully updated the access token UfNnhbX5Vg...
[Licensing::Client] Successfully resolved entitlement details
[Licensing::Module] License group:
  Id: 1201313-UnityPersXXXX
  Product: Unity Personal
  Type: Assigned
  Expiration: Unlimited
[Licensing::Client] Successfully updated license, isAsync: True, time: 0.01
[Licensing::Client] Successfully resolved entitlement details
[Licensing::Module] Licensing Background thread has ended after 4.54s
[Licensing::Module] Licensing is initialized (took 3.25s).
[Licensing::Client] Successfully resolved entitlement details
Library Redirect Path: Library/
[Physics::Module] Selected backend.
[Physics::Module] Name: PhysX
[Physics::Module] Id: 0xf2b8ea05
[Physics::Module] SDK Version: 4.1.2
[Physics::Module] Integration Version: 1.0.0
[Physics::Module] Threading Mode: Multi-Threaded
Artifact Garbage Collection - Removed 1463 unused hashed content files
Initialize engine version: 6000.5.2f1 (eb73d3b415a1)
[Subsystems] Discovering subsystems at path C:/Program Files/Unity/Hub/Editor/6000.5.2f1/Editor/Data/Resources/UnitySubsystems
[Subsystems] Discovering subsystems at path C:/Users/joema/OneDrive/Documents/Unity/CRPG-Test/Assets
[D3D12 Device Filter] Vendor Name: NVIDIA
[D3D12 Device Filter] Device Name: NVIDIA GeForce RTX 5070 Ti
[D3D12 Device Filter] Driver Version: 32.0.16.1074
[D3D12 Device Filter] Feature Level: 12.2
[D3D12 Device Filter] Graphics Memory: 15997 MB
[D3D12 Device Filter] Processor Count: 16
[D3D12 Device Filter] Device Type: Discrete
GfxDevice: creating device client; kGfxThreadingModeSplitJobs
d3d12: failed to query info queue interface (0x80004002).
Direct3D:
    Version:         Direct3D 12 [level 12.2]
    Renderer:        NVIDIA GeForce RTX 5070 Ti (ID=0x2c05)
    Vendor:          NVIDIA
    VRAM:            15997 MB
    App VRAM Budget: 15229 MB
    Driver:          32.0.16.1074
Initialize mono
Mono path[0] = 'C:/Program Files/Unity/Hub/Editor/6000.5.2f1/Editor/Data/Managed'
Mono path[1] = 'C:/Program Files/Unity/Hub/Editor/6000.5.2f1/Editor/Data/BCLExtensions/runtime/netstandard2.1'
Mono path[2] = 'C:/Program Files/Unity/Hub/Editor/6000.5.2f1/Editor/Data/MonoBleedingEdge/lib/mono/unityjit-win32'
Mono config path = 'C:/Program Files/Unity/Hub/Editor/6000.5.2f1/Editor/Data/MonoBleedingEdge/etc'
Using monoOptions --debugger-agent=transport=dt_socket,embedding=1,server=y,suspend=n,address=127.0.0.1:56040
CodeReloadManager initialized
ImportWorker Server TCP listen port: 0
AcceleratorClientConnectionCallback - disconnected - :0
Begin MonoManager ReloadAssembly
Registering precompiled unity dll's ...
Register platform support module: C:/Program Files/Unity/Hub/Editor/6000.5.2f1/Editor/Data/PlaybackEngines/WindowsStandaloneSupport/UnityEditor.WindowsStandalone.Extensions.dll
Registered in 0.287824 seconds.
Native extension for WindowsStandalone target not found
Package Manager log level set to [2]
ScheduleIndexationOnStartup MainProcess:False IndexOnStartup:True
Mono: successfully reloaded assembly
- Finished resetting the current domain, in  0.454 seconds
Domain Reload Profiling: 3139ms
	BeginReloadAssembly (341ms)
		CreateAndSetChildDomain (12ms)
	RebuildCommonClasses (7ms)
	RebuildNativeTypeToScriptingClass (219ms)
	initialDomainReloadingComplete (513ms)
	LoadAllAssembliesAndSetupDomain (1603ms)
		LoadAssemblies (323ms)
		AnalyzeDomain (1522ms)
			TypeCache.Refresh (1520ms)
				TypeCache.ScanAssembly (1232ms)
	FinalizeReload (456ms)
		SetupLoadedEditorAssemblies (0ms)
			BeforeProcessingInitializeOnLoad (88ms)
			ProcessInitializeOnLoadAttributes (116ms)
			ProcessInitializeOnLoadMethodAttributes (176ms)
[Licensing::Client] Successfully resolved entitlement details
Application.AssetDatabase Initial Refresh Start
[Package Manager] Restoring resolved packages state from cache
[Licensing::Client] Successfully resolved entitlement details
[Package Manager] Registered 63 packages:
  Packages from [https://packages.unity.com]:
    com.unity.ai.assistant@2.13.0-pre.2 (location: C:\Users\joema\OneDrive\Documents\Unity\CRPG-Test\Library\PackageCache\com.unity.ai.assistant@6fee27370e6a)
    com.unity.ai.inference@2.6.1 (location: C:\Users\joema\OneDrive\Documents\Unity\CRPG-Test\Library\PackageCache\com.unity.ai.inference@9a123aee5df7)
    com.unity.ai.navigation@2.0.13 (location: C:\Users\joema\OneDrive\Documents\Unity\CRPG-Test\Library\PackageCache\com.unity.ai.navigation@42d896194035)
    com.unity.collab-proxy@2.12.4 (location: C:\Users\joema\OneDrive\Documents\Unity\CRPG-Test\Library\PackageCache\com.unity.collab-proxy@0b1559bcd34e)
    com.unity.ide.rider@3.0.38 (location: C:\Users\joema\OneDrive\Documents\Unity\CRPG-Test\Library\PackageCache\com.unity.ide.rider@1f60b3138684)
    com.unity.ide.visualstudio@2.0.26 (location: C:\Users\joema\OneDrive\Documents\Unity\CRPG-Test\Library\PackageCache\com.unity.ide.visualstudio@a99d56dec63f)
    com.unity.inputsystem@1.19.0 (location: C:\Users\joema\OneDrive\Documents\Unity\CRPG-Test\Library\PackageCache\com.unity.inputsystem@21a28c3a6c83)
    com.unity.timeline@1.8.12 (location: C:\Users\joema\OneDrive\Documents\Unity\CRPG-Test\Library\PackageCache\com.unity.timeline@8cd8509afae5)
    com.unity.visualscripting@1.9.11 (location: C:\Users\joema\OneDrive\Documents\Unity\CRPG-Test\Library\PackageCache\com.unity.visualscripting@8bed5ad90189)
    com.unity.searcher@4.9.4 (location: C:\Users\joema\OneDrive\Documents\Unity\CRPG-Test\Library\PackageCache\com.unity.searcher@d45a78918735)
    com.unity.burst@1.8.29 (location: C:\Users\joema\OneDrive\Documents\Unity\CRPG-Test\Library\PackageCache\com.unity.burst@6bb9aca3ef38)
    com.unity.dt.app-ui@2.1.7 (location: C:\Users\joema\OneDrive\Documents\Unity\CRPG-Test\Library\PackageCache\com.unity.dt.app-ui@b097002a00c2)
    com.unity.nuget.newtonsoft-json@3.2.2 (location: C:\Users\joema\OneDrive\Documents\Unity\CRPG-Test\Library\PackageCache\com.unity.nuget.newtonsoft-json@4dfd81071c64)
    com.unity.nuget.mono-cecil@1.11.6 (location: C:\Users\joema\OneDrive\Documents\Unity\CRPG-Test\Library\PackageCache\com.unity.nuget.mono-cecil@ecb9724e46ff)
    com.unity.test-framework.performance@3.5.0 (location: C:\Users\joema\OneDrive\Documents\Unity\CRPG-Test\Library\PackageCache\com.unity.test-framework.performance@8b56083ec0f0)
  Built-in packages:
    com.unity.multiplayer.center@1.0.1 (location: C:\Users\joema\OneDrive\Documents\Unity\CRPG-Test\Library\PackageCache\com.unity.multiplayer.center@b860850997d0)
    com.unity.render-pipelines.universal@17.5.0 (location: C:\Users\joema\OneDrive\Documents\Unity\CRPG-Test\Library\PackageCache\com.unity.render-pipelines.universal@748d7458cc62)
    com.unity.shadergraph@17.5.0 (location: C:\Users\joema\OneDrive\Documents\Unity\CRPG-Test\Library\PackageCache\com.unity.shadergraph@2df19e8719bc)
    com.unity.test-framework@1.7.0 (location: C:\Users\joema\OneDrive\Documents\Unity\CRPG-Test\Library\PackageCache\com.unity.test-framework@1405238725ab)
    com.unity.ugui@2.5.0 (location: C:\Users\joema\OneDrive\Documents\Unity\CRPG-Test\Library\PackageCache\com.unity.ugui@3d1ea40b73ef)
    com.unity.modules.accessibility@1.0.0 (location: C:\Users\joema\OneDrive\Documents\Unity\CRPG-Test\Library\PackageCache\com.unity.modules.accessibility)
    com.unity.modules.adaptiveperformance@1.0.0 (location: C:\Users\joema\OneDrive\Documents\Unity\CRPG-Test\Library\PackageCache\com.unity.modules.adaptiveperformance)
    com.unity.modules.androidjni@1.0.0 (location: C:\Users\joema\OneDrive\Documents\Unity\CRPG-Test\Library\PackageCache\com.unity.modules.androidjni)
    com.unity.modules.animation@1.0.0 (location: C:\Users\joema\OneDrive\Documents\Unity\CRPG-Test\Library\PackageCache\com.unity.modules.animation)
    com.unity.modules.assetbundle@1.0.0 (location: C:\Users\joema\OneDrive\Documents\Unity\CRPG-Test\Library\PackageCache\com.unity.modules.assetbundle)
    com.unity.modules.audio@1.0.0 (location: C:\Users\joema\OneDrive\Documents\Unity\CRPG-Test\Library\PackageCache\com.unity.modules.audio)
    com.unity.modules.cloth@1.0.0 (location: C:\Users\joema\OneDrive\Documents\Unity\CRPG-Test\Library\PackageCache\com.unity.modules.cloth)
    com.unity.modules.director@1.0.0 (location: C:\Users\joema\OneDrive\Documents\Unity\CRPG-Test\Library\PackageCache\com.unity.modules.director)
    com.unity.modules.imageconversion@1.0.0 (location: C:\Users\joema\OneDrive\Documents\Unity\CRPG-Test\Library\PackageCache\com.unity.modules.imageconversion)
    com.unity.modules.imgui@1.0.0 (location: C:\Users\joema\OneDrive\Documents\Unity\CRPG-Test\Library\PackageCache\com.unity.modules.imgui)
    com.unity.modules.jsonserialize@1.0.0 (location: C:\Users\joema\OneDrive\Documents\Unity\CRPG-Test\Library\PackageCache\com.unity.modules.jsonserialize)
    com.unity.modules.particlesystem@1.0.0 (location: C:\Users\joema\OneDrive\Documents\Unity\CRPG-Test\Library\PackageCache\com.unity.modules.particlesystem)
    com.unity.modules.physics@1.0.0 (location: C:\Users\joema\OneDrive\Documents\Unity\CRPG-Test\Library\PackageCache\com.unity.modules.physics)
    com.unity.modules.physics2d@1.0.0 (location: C:\Users\joema\OneDrive\Documents\Unity\CRPG-Test\Library\PackageCache\com.unity.modules.physics2d)
    com.unity.modules.physicscore2d@1.0.0 (location: C:\Users\joema\OneDrive\Documents\Unity\CRPG-Test\Library\PackageCache\com.unity.modules.physicscore2d)
    com.unity.modules.screencapture@1.0.0 (location: C:\Users\joema\OneDrive\Documents\Unity\CRPG-Test\Library\PackageCache\com.unity.modules.screencapture)
    com.unity.modules.terrain@1.0.0 (location: C:\Users\joema\OneDrive\Documents\Unity\CRPG-Test\Library\PackageCache\com.unity.modules.terrain)
    com.unity.modules.terrainphysics@1.0.0 (location: C:\Users\joema\OneDrive\Documents\Unity\CRPG-Test\Library\PackageCache\com.unity.modules.terrainphysics)
    com.unity.modules.tilemap@1.0.0 (location: C:\Users\joema\OneDrive\Documents\Unity\CRPG-Test\Library\PackageCache\com.unity.modules.tilemap)
    com.unity.modules.ui@1.0.0 (location: C:\Users\joema\OneDrive\Documents\Unity\CRPG-Test\Library\PackageCache\com.unity.modules.ui)
    com.unity.modules.uielements@1.0.0 (location: C:\Users\joema\OneDrive\Documents\Unity\CRPG-Test\Library\PackageCache\com.unity.modules.uielements)
    com.unity.modules.umbra@1.0.0 (location: C:\Users\joema\OneDrive\Documents\Unity\CRPG-Test\Library\PackageCache\com.unity.modules.umbra)
    com.unity.modules.unityanalytics@1.0.0 (location: C:\Users\joema\OneDrive\Documents\Unity\CRPG-Test\Library\PackageCache\com.unity.modules.unityanalytics)
    com.unity.modules.unitywebrequest@1.0.0 (location: C:\Users\joema\OneDrive\Documents\Unity\CRPG-Test\Library\PackageCache\com.unity.modules.unitywebrequest)
    com.unity.modules.unitywebrequestassetbundle@1.0.0 (location: C:\Users\joema\OneDrive\Documents\Unity\CRPG-Test\Library\PackageCache\com.unity.modules.unitywebrequestassetbundle)
    com.unity.modules.unitywebrequestaudio@1.0.0 (location: C:\Users\joema\OneDrive\Documents\Unity\CRPG-Test\Library\PackageCache\com.unity.modules.unitywebrequestaudio)
    com.unity.modules.unitywebrequesttexture@1.0.0 (location: C:\Users\joema\OneDrive\Documents\Unity\CRPG-Test\Library\PackageCache\com.unity.modules.unitywebrequesttexture)
    com.unity.modules.unitywebrequestwww@1.0.0 (location: C:\Users\joema\OneDrive\Documents\Unity\CRPG-Test\Library\PackageCache\com.unity.modules.unitywebrequestwww)
    com.unity.modules.vectorgraphics@1.0.0 (location: C:\Users\joema\OneDrive\Documents\Unity\CRPG-Test\Library\PackageCache\com.unity.modules.vectorgraphics)
    com.unity.modules.vehicles@1.0.0 (location: C:\Users\joema\OneDrive\Documents\Unity\CRPG-Test\Library\PackageCache\com.unity.modules.vehicles)
    com.unity.modules.video@1.0.0 (location: C:\Users\joema\OneDrive\Documents\Unity\CRPG-Test\Library\PackageCache\com.unity.modules.video)
    com.unity.modules.wind@1.0.0 (location: C:\Users\joema\OneDrive\Documents\Unity\CRPG-Test\Library\PackageCache\com.unity.modules.wind)
    com.unity.modules.xr@1.0.0 (location: C:\Users\joema\OneDrive\Documents\Unity\CRPG-Test\Library\PackageCache\com.unity.modules.xr)
    com.unity.modules.subsystems@1.0.0 (location: C:\Users\joema\OneDrive\Documents\Unity\CRPG-Test\Library\PackageCache\com.unity.modules.subsystems)
    com.unity.modules.hierarchycore@1.0.0 (location: C:\Users\joema\OneDrive\Documents\Unity\CRPG-Test\Library\PackageCache\com.unity.modules.hierarchycore)
    com.unity.ext.nunit@2.1.0 (location: C:\Users\joema\OneDrive\Documents\Unity\CRPG-Test\Library\PackageCache\com.unity.ext.nunit@44f7d31723bd)
    com.unity.render-pipelines.core@17.5.0 (location: C:\Users\joema\OneDrive\Documents\Unity\CRPG-Test\Library\PackageCache\com.unity.render-pipelines.core@9fe9377312a8)
    com.unity.render-pipelines.universal-config@17.5.0 (location: C:\Users\joema\OneDrive\Documents\Unity\CRPG-Test\Library\PackageCache\com.unity.render-pipelines.universal-config@fdda01c80fe3)
    com.unity.modules.ai@1.0.0 (location: C:\Users\joema\OneDrive\Documents\Unity\CRPG-Test\Library\PackageCache\com.unity.modules.ai)
    com.unity.collections@6.5.0 (location: C:\Users\joema\OneDrive\Documents\Unity\CRPG-Test\Library\PackageCache\com.unity.collections@a43cabe808ca)
    com.unity.2d.sprite@1.0.0 (location: C:\Users\joema\OneDrive\Documents\Unity\CRPG-Test\Library\PackageCache\com.unity.2d.sprite@053a968eab56)
    com.unity.mathematics@1.4.0 (location: C:\Users\joema\OneDrive\Documents\Unity\CRPG-Test\Library\PackageCache\com.unity.mathematics@981956d94fb6)
  Git packages:
    com.boxqkrtm.ide.cursor@https://github.com/boxqkrtm/com.unity.ide.cursor.git (location: C:\Users\joema\OneDrive\Documents\Unity\CRPG-Test\Library\PackageCache\com.boxqkrtm.ide.cursor@fd8ff1fb700c)
[Subsystems] No new subsystems found in resolved package list.
[Package Manager] Done registering packages in 0.03 seconds
info: Microsoft.Hosting.Lifetime[14]
      Now listening on: http://localhost:80
info: Microsoft.Hosting.Lifetime[0]
      Application started. Press Ctrl+C to shut down.
info: Microsoft.Hosting.Lifetime[0]
      Hosting environment: Production
info: Microsoft.Hosting.Lifetime[0]
      Content root path: C:\Users\joema\OneDrive\Documents\Unity\CRPG-Test
info: Microsoft.AspNetCore.Hosting.Diagnostics[1]
      Request starting HTTP/2 POST http://ilpp/UnityILPP.PostProcessing/Ping - application/grpc -
info: Microsoft.AspNetCore.Routing.EndpointMiddleware[0]
      Executing endpoint 'gRPC - /UnityILPP.PostProcessing/Ping'
info: Microsoft.AspNetCore.Routing.EndpointMiddleware[1]
      Executed endpoint 'gRPC - /UnityILPP.PostProcessing/Ping'
info: Microsoft.AspNetCore.Hosting.Diagnostics[2]
      Request finished HTTP/2 POST http://ilpp/UnityILPP.PostProcessing/Ping - 200 - application/grpc 41.8522ms
Refreshing native plugins compatible for Editor in 150.31 ms, found 5 plugins.
Starting: C:\Program Files\Unity\Hub\Editor\6000.5.2f1\Editor\Data\Tools\BuildPipeline\bee_backend.exe --ipc --defer-dag-verification --dagfile="Library/Bee/1900b0aE.dag" --continue-on-failure --profile="Library/Bee/backend1.traceevents" ScriptAssemblies
WorkingDir: C:/Users/joema/OneDrive/Documents/Unity/CRPG-Test
info: Microsoft.AspNetCore.Hosting.Diagnostics[1]
      Request starting HTTP/2 POST http://ilpp/UnityILPP.PostProcessing/ConfigurePostProcessors - application/grpc -
info: Microsoft.AspNetCore.Routing.EndpointMiddleware[0]
      Executing endpoint 'gRPC - /UnityILPP.PostProcessing/ConfigurePostProcessors'
warn: Unity.ILPP.Runner.PostProcessingAssemblyLoadContext[0]
      Assembly system.runtime.interopservices.windowsruntime has duplicate hint path. Ignoring "C:\Program Files\Unity\Hub\Editor\6000.5.2f1\Editor\Data\UnityReferenceAssemblies\unity-4.8-api\Facades\System.Runtime.InteropServices.WindowsRuntime.dll" in favor of "C:\Program Files\Unity\Hub\Editor\6000.5.2f1\Editor\Data\NetStandard\Extensions\2.0.0\System.Runtime.InteropServices.WindowsRuntime.dll"
warn: Unity.ILPP.Runner.PostProcessingAssemblyLoadContext[0]
      Assembly system.componentmodel.composition has duplicate hint path. Ignoring "C:\Program Files\Unity\Hub\Editor\6000.5.2f1\Editor\Data\UnityReferenceAssemblies\unity-4.8-api\System.ComponentModel.Composition.dll" in favor of "C:\Program Files\Unity\Hub\Editor\6000.5.2f1\Editor\Data\NetStandard\compat\2.1.0\shims\netfx\System.ComponentModel.Composition.dll"
info: Unity.ILPP.Runner.PostProcessingAssemblyLoadContext[0]
      Resolved Unity.Burst.Cecil, Version=0.11.6.0, Culture=neutral, PublicKeyToken=50cebf1cceb9d05e with Library\PackageCache\com.unity.burst@6bb9aca3ef38\Unity.Burst.CodeGen\Unity.Burst.Cecil.dll
info: Unity.ILPP.Runner.PostProcessingAssemblyLoadContext[0]
      Resolved Mono.Cecil, Version=0.11.5.0, Culture=neutral, PublicKeyToken=50cebf1cceb9d05e with Library\PackageCache\com.unity.nuget.mono-cecil@ecb9724e46ff\Mono.Cecil.dll
info: Microsoft.AspNetCore.Routing.EndpointMiddleware[1]
      Executed endpoint 'gRPC - /UnityILPP.PostProcessing/ConfigurePostProcessors'
info: Microsoft.AspNetCore.Hosting.Diagnostics[2]
      Request finished HTTP/2 POST http://ilpp/UnityILPP.PostProcessing/ConfigurePostProcessors - 200 - application/grpc 637.1330ms
ExitCode: 0 Duration: 32s
[1018/1571  0s] ILPP-Configuration Library/ilpp-configuration.nevergeneratedoutput
*** Tundra build success (32.82 seconds), 1 items updated, 1571 evaluated
AssetDatabase: script compilation time: 33.993658s
Begin MonoManager ReloadAssembly
Symbol file LoadedFromMemory is not a mono symbol file
Symbol file LoadedFromMemory is not a mono symbol file
Refreshing native plugins compatible for Editor in 4.66 ms, found 5 plugins.
Native extension for WindowsStandalone target not found
Refreshing native plugins compatible for Editor in 4.33 ms, found 5 plugins.
[Licensing::Client] Error: Code 404 while processing request (status: Found 0 entitlement groups and 0 free entitlements matching requested entitlement ids)
[McpToolRegistry] Discovered 20 MCP tools
UnityEngine.Debug:ExtractStackTraceNoAlloc (byte*,int,string)
UnityEngine.StackTraceUtility:ExtractStackTrace ()
UnityEngine.DebugLogHandler:Internal_Log (UnityEngine.LogType,UnityEngine.LogOption,string,UnityEngine.Object)
UnityEngine.DebugLogHandler:LogFormat (UnityEngine.LogType,UnityEngine.Object,string,object[])
UnityEngine.Logger:Log (UnityEngine.LogType,object)
UnityEngine.Debug:Log (object)
Unity.AI.Tracing.ConsoleSink:LogToConsole (string,string,System.Exception) (at ./Library/PackageCache/com.unity.ai.assistant@6fee27370e6a/Modules/Unity.AI.Tracing/TraceSinks.cs:313)
Unity.AI.Tracing.ConsoleSink:Write (Unity.AI.Tracing.TraceEvent) (at ./Library/PackageCache/com.unity.ai.assistant@6fee27370e6a/Modules/Unity.AI.Tracing/TraceSinks.cs:277)
Unity.AI.Tracing.TraceWriter:WriteEventInternal (string,string,Unity.AI.Tracing.TraceEventOptions,string,System.Nullable`1<int>) (at ./Library/PackageCache/com.unity.ai.assistant@6fee27370e6a/Modules/Unity.AI.Tracing/TraceWriter.cs:373)
Unity.AI.Tracing.TraceWriter:Event (string,Unity.AI.Tracing.TraceEventOptions) (at ./Library/PackageCache/com.unity.ai.assistant@6fee27370e6a/Modules/Unity.AI.Tracing/TraceWriter.cs:297)
Unity.AI.Tracing.TraceLogger:Emit (string,string,string,string,Unity.AI.Tracing.TraceEventOptions,object,System.Exception) (at ./Library/PackageCache/com.unity.ai.assistant@6fee27370e6a/Modules/Unity.AI.Tracing/TraceLogger.cs:105)
Unity.AI.Tracing.TraceLogger:Info (string,string,string,Unity.AI.Tracing.TraceEventOptions) (at ./Library/PackageCache/com.unity.ai.assistant@6fee27370e6a/Modules/Unity.AI.Tracing/TraceLogger.cs:35)
Unity.AI.MCP.Editor.Helpers.McpLog:Log (string,Unity.AI.Tracing.TraceEventOptions) (at ./Library/PackageCache/com.unity.ai.assistant@6fee27370e6a/Modules/Unity.AI.MCP.Editor/Helpers/McpLog.cs:15)
Unity.AI.MCP.Editor.ToolRegistry.McpToolRegistry:RefreshTools () (at ./Library/PackageCache/com.unity.ai.assistant@6fee27370e6a/Modules/Unity.AI.MCP.Editor/ToolRegistry/McpToolRegistry.cs:201)
Unity.AI.MCP.Editor.ToolRegistry.McpToolRegistry:Initialize () (at ./Library/PackageCache/com.unity.ai.assistant@6fee27370e6a/Modules/Unity.AI.MCP.Editor/ToolRegistry/McpToolRegistry.cs:177)
System.Reflection.RuntimeMethodInfo:Invoke (object,System.Reflection.BindingFlags,System.Reflection.Binder,object[],System.Globalization.CultureInfo)
System.Reflection.MethodBase:Invoke (object,object[])
UnityEditor.EditorAssemblies:ProcessInitializeOnLoadMethodAttributes ()

(Filename: ./Library/PackageCache/com.unity.ai.assistant@6fee27370e6a/Modules/Unity.AI.Tracing/TraceSinks.cs Line: 313)

[McpToolRegistry] Available tools: Unity_ApplyTextEdits, Unity_CreateScript, Unity_DeleteScript, Unity_FindInFile, Unity_GetSha, Unity_ImportExternalModel, Unity_ListResources, Unity_ManageAsset, Unity_ManageEditor, Unity_ManageGameObject, Unity_ManageMenuItem, Unity_ManageScene, Unity_ManageScript, Unity_ManageScript_capabilities, Unity_ManageShader, Unity_ReadConsole, Unity_ReadResource, Unity_RunCommand, Unity_ScriptApplyEdits, Unity_ValidateScript
UnityEngine.Debug:ExtractStackTraceNoAlloc (byte*,int,string)
UnityEngine.StackTraceUtility:ExtractStackTrace ()
UnityEngine.DebugLogHandler:Internal_Log (UnityEngine.LogType,UnityEngine.LogOption,string,UnityEngine.Object)
UnityEngine.DebugLogHandler:LogFormat (UnityEngine.LogType,UnityEngine.Object,string,object[])
UnityEngine.Logger:Log (UnityEngine.LogType,object)
UnityEngine.Debug:Log (object)
Unity.AI.Tracing.ConsoleSink:LogToConsole (string,string,System.Exception) (at ./Library/PackageCache/com.unity.ai.assistant@6fee27370e6a/Modules/Unity.AI.Tracing/TraceSinks.cs:313)
Unity.AI.Tracing.ConsoleSink:Write (Unity.AI.Tracing.TraceEvent) (at ./Library/PackageCache/com.unity.ai.assistant@6fee27370e6a/Modules/Unity.AI.Tracing/TraceSinks.cs:277)
Unity.AI.Tracing.TraceWriter:WriteEventInternal (string,string,Unity.AI.Tracing.TraceEventOptions,string,System.Nullable`1<int>) (at ./Library/PackageCache/com.unity.ai.assistant@6fee27370e6a/Modules/Unity.AI.Tracing/TraceWriter.cs:373)
Unity.AI.Tracing.TraceWriter:Event (string,Unity.AI.Tracing.TraceEventOptions) (at ./Library/PackageCache/com.unity.ai.assistant@6fee27370e6a/Modules/Unity.AI.Tracing/TraceWriter.cs:297)
Unity.AI.Tracing.TraceLogger:Emit (string,string,string,string,Unity.AI.Tracing.TraceEventOptions,object,System.Exception) (at ./Library/PackageCache/com.unity.ai.assistant@6fee27370e6a/Modules/Unity.AI.Tracing/TraceLogger.cs:105)
Unity.AI.Tracing.TraceLogger:Info (string,string,string,Unity.AI.Tracing.TraceEventOptions) (at ./Library/PackageCache/com.unity.ai.assistant@6fee27370e6a/Modules/Unity.AI.Tracing/TraceLogger.cs:35)
Unity.AI.MCP.Editor.Helpers.McpLog:Log (string,Unity.AI.Tracing.TraceEventOptions) (at ./Library/PackageCache/com.unity.ai.assistant@6fee27370e6a/Modules/Unity.AI.MCP.Editor/Helpers/McpLog.cs:15)
Unity.AI.MCP.Editor.ToolRegistry.McpToolRegistry:RefreshTools () (at ./Library/PackageCache/com.unity.ai.assistant@6fee27370e6a/Modules/Unity.AI.MCP.Editor/ToolRegistry/McpToolRegistry.cs:204)
Unity.AI.MCP.Editor.ToolRegistry.McpToolRegistry:Initialize () (at ./Library/PackageCache/com.unity.ai.assistant@6fee27370e6a/Modules/Unity.AI.MCP.Editor/ToolRegistry/McpToolRegistry.cs:177)
System.Reflection.RuntimeMethodInfo:Invoke (object,System.Reflection.BindingFlags,System.Reflection.Binder,object[],System.Globalization.CultureInfo)
System.Reflection.MethodBase:Invoke (object,object[])
UnityEditor.EditorAssemblies:ProcessInitializeOnLoadMethodAttributes ()

(Filename: ./Library/PackageCache/com.unity.ai.assistant@6fee27370e6a/Modules/Unity.AI.Tracing/TraceSinks.cs Line: 313)

ScheduleIndexationOnStartup MainProcess:True IndexOnStartup:True
Mono: successfully reloaded assembly
[Idle]
UnityEngine.Debug:ExtractStackTraceNoAlloc (byte*,int,string)
UnityEngine.StackTraceUtility:ExtractStackTrace ()
UnityEngine.DebugLogHandler:Internal_Log (UnityEngine.LogType,UnityEngine.LogOption,string,UnityEngine.Object)
UnityEngine.DebugLogHandler:LogFormat (UnityEngine.LogType,UnityEngine.Object,string,object[])
UnityEngine.Logger:Log (UnityEngine.LogType,object)
UnityEngine.Debug:Log (object)
Unity.AI.Tracing.ConsoleSink:LogToConsole (string,string,System.Exception) (at ./Library/PackageCache/com.unity.ai.assistant@6fee27370e6a/Modules/Unity.AI.Tracing/TraceSinks.cs:313)
Unity.AI.Tracing.ConsoleSink:Write (Unity.AI.Tracing.TraceEvent) (at ./Library/PackageCache/com.unity.ai.assistant@6fee27370e6a/Modules/Unity.AI.Tracing/TraceSinks.cs:277)
Unity.AI.Tracing.TraceWriter:WriteEventInternal (string,string,Unity.AI.Tracing.TraceEventOptions,string,System.Nullable`1<int>) (at ./Library/PackageCache/com.unity.ai.assistant@6fee27370e6a/Modules/Unity.AI.Tracing/TraceWriter.cs:373)
Unity.AI.Tracing.TraceWriter:Event (string,Unity.AI.Tracing.TraceEventOptions) (at ./Library/PackageCache/com.unity.ai.assistant@6fee27370e6a/Modules/Unity.AI.Tracing/TraceWriter.cs:297)
Unity.AI.Tracing.TraceLogger:Emit (string,string,string,string,Unity.AI.Tracing.TraceEventOptions,object,System.Exception) (at ./Library/PackageCache/com.unity.ai.assistant@6fee27370e6a/Modules/Unity.AI.Tracing/TraceLogger.cs:105)
Unity.AI.Tracing.TraceLogger:Info (string,string,string,Unity.AI.Tracing.TraceEventOptions) (at ./Library/PackageCache/com.unity.ai.assistant@6fee27370e6a/Modules/Unity.AI.Tracing/TraceLogger.cs:35)
Unity.AI.MCP.Editor.Helpers.McpLog:Log (string,Unity.AI.Tracing.TraceEventOptions) (at ./Library/PackageCache/com.unity.ai.assistant@6fee27370e6a/Modules/Unity.AI.MCP.Editor/Helpers/McpLog.cs:15)
Unity.AI.MCP.Editor.Bridge:LogBreadcrumb (string) (at ./Library/PackageCache/com.unity.ai.assistant@6fee27370e6a/Modules/Unity.AI.MCP.Editor/Bridge.cs:2055)
Unity.AI.MCP.Editor.Bridge:OnAfterAssemblyReload () (at ./Library/PackageCache/com.unity.ai.assistant@6fee27370e6a/Modules/Unity.AI.MCP.Editor/Bridge.cs:1899)
UnityEditor.AssemblyReloadEvents:OnAfterAssemblyReload ()

(Filename: ./Library/PackageCache/com.unity.ai.assistant@6fee27370e6a/Modules/Unity.AI.Tracing/TraceSinks.cs Line: 313)

- Finished resetting the current domain, in  6.676 seconds
Domain Reload Profiling: 10720ms
	BeginReloadAssembly (352ms)
		DisableScriptedObjects (23ms)
		CreateAndSetChildDomain (159ms)
	RebuildCommonClasses (9ms)
	RebuildNativeTypeToScriptingClass (18ms)
	initialDomainReloadingComplete (119ms)
	LoadAllAssembliesAndSetupDomain (3545ms)
		LoadAssemblies (2932ms)
		AnalyzeDomain (577ms)
			TypeCache.Refresh (470ms)
				TypeCache.ScanAssembly (445ms)
			BuildScriptInfoCaches (96ms)
			ResolveRequiredComponents (9ms)
	FinalizeReload (6677ms)
		SetupLoadedEditorAssemblies (0ms)
			BeforeProcessingInitializeOnLoad (132ms)
			ProcessInitializeOnLoadAttributes (5043ms)
			ProcessInitializeOnLoadMethodAttributes (390ms)
			AfterProcessingInitializeOnLoad (10ms)
		AwakeInstancesAfterBackupRestoration (23ms)
Starting new worker id: 0 with log in C:/Users/joema/OneDrive/Documents/Unity/CRPG-Test/Logs/AssetImportWorkerHW0.log

Asset Pipeline Refresh (id=a4ca46fe8c1b4aa41af5d353d90864b9): Total: 61.866 seconds - Initiated by InitialRefreshV2(ForceSynchronousImport)
	(Values over 0.05ms)
	Summary:
		Imports: total=0 (actual=0, local cache=0, cache server=0)
		Asset DB Process Time: managed=0 ms, native=23503 ms
		Asset DB Callback time: managed=49 ms, native=54 ms
		Scripting: domain reloads=1, domain reload time=4152 ms, compile time=33996 ms, other=109 ms
		Project Asset Count: scripts=2656, non-scripts=10265
		Asset File Changes: new=0, changed=0, moved=0, deleted=0
		Scan Filter Count: 0
	InvokePackagesCallback: 56.649ms
	ApplyChangesToAssetFolders: 0.651ms
	Scan: 666.846ms
	Collect global state as custom dependencies: 5.250ms
	CategorizeScriptCompilationAssets: 3808.023ms
	ProcessAssetsWithTransientArtifactChanges: 157.766ms
	CategorizeAssets: 151.987ms
	CompileScripts: 33996.156ms
	ImportOutOfDateAssets: 6884.934ms (6732.488ms without children)
		ReloadNativeAssets: 0.055ms
		UnloadImportedAssets: 0.912ms
		EnsureUptoDateAssetsAreRegisteredWithGuidPM: 2.566ms
		ImportSchedulerStart: 148.911ms
	PostProcessAllAssets: 49.944ms
		MonoPostProcessAllAssets: 49.782ms
			UniversalRenderPipelineGlobalSettingsPostprocessor.OnPostprocessAllAssets 14.534ms
			SyncVS.PostprocessSyncProject 10.397ms
			WindowAssetPostprocessingWatcher.OnPostprocessAllAssets 2.826ms
			GraphRefreshPostprocessor.OnPostprocessAllAssets 2.126ms
			SpeedTree9Postprocessor.OnPostprocessAllAssets 2.081ms
			AssetChangeDetector.OnPostprocessAllAssets 1.060ms
			RenderPipelineGlobalSettingsPostprocessor.OnPostprocessAllAssets 0.944ms
			ShaderReflectionAssetPostProcessor.OnPostprocessAllAssets 0.389ms
			ReferencedClipsPostProcessor.OnPostprocessAllAssets 0.381ms
			InputActionAssetPostprocessor.OnPostprocessAllAssets 0.313ms
			AssetDatabaseCallbacks.OnPostprocessAllAssets 0.277ms
			ProjectSettingsPostprocessor.OnPostprocessAllAssets 0.228ms
			TerrainToolbarOverlayPostProcessor.OnPostprocessAllAssets 0.216ms
	UnloadStreamsBegin: 5.310ms
	PersistCurrentRevisions: 0.526ms
	GenerateScriptTypeHashes: 4.801ms
	GenerateScriptTypeSerializationHashes: 9.353ms
	Untracked: 16074.103ms

Application.AssetDatabase Initial Refresh End
Launched and connected shader compiler UnityShaderCompiler.exe after 0.04 seconds
Scanning for USB devices : 26.296ms
Initializing Unity extensions:
[Licensing::Client] Successfully resolved entitlement details
Worker ready: AssetImportWorkerHW0 0
[MODES] ModeService[none].Initialize
[MODES] ModeService[none].LoadModes
[MODES] Loading mode Default (0) for mode-current-id-CRPG-Test
[Licensing::Client] Successfully resolved entitlement details
Unloading 694 Unused Serialized files (Serialized files now loaded: 0)
Loaded scene 'Assets/Scenes/UpdatedDemoScene.unity'
	Deserialize:            5354.494 ms
	Integration:            8680.300 ms
	Integration of assets:  12.047 ms
	Thread Wait Time:       -0.586 ms
	Total Operation Time:   14046.254 ms
Unloading 11232 unused Assets / (27.1 MB). Loaded Objects now: 35903.
Memory consumption went from 1.30 GB to 1.28 GB.
Total: 47.220600 ms (FindLiveObjects: 4.586300 ms CreateObjectMapping: 8.667200 ms MarkObjects: 21.450400 ms  DeleteObjects: 12.514600 ms)

[LAYOUT] About to load UserSettings\Layouts\default-6000.dwlt, keepMainWindow=False
[LAYOUT] About to save layout C:\Users\joema\OneDrive\Documents\Unity\CRPG-Test\UserSettings\Layouts\default-6000.dwlt
[LAYOUT] About to save layout C:/Users/joema/AppData/Roaming/Unity/Editor-5.x/Preferences\Layouts\current\default-6000.dwlt
[MODES] ModeService[default].InitializeCurrentMode
[MODES] ModeService[default].RaiseModeChanged(default, default)
This project uses Input Manager, which is marked for deprecation. To manage input in your project, use the <a href="https://docs.unity3d.com/Packages/com.unity.inputsystem@latest">Input System package</a> instead.
<RI> Initializing input.
Using Windows.Gaming.Input
<RI> Input initialized.
Input Polling Thread started.
[Project] Loading completed in 101.485 seconds
	Project init time: 				85.548 seconds
		Template init time: 		0.000 seconds
		Package Manager init time: 		3.637 seconds
		Asset Database init time: 		1.363 seconds
		Global illumination init time: 	0.029 seconds
		Assemblies load time: 			11.926 seconds
		Unity extensions init time: 	0.074 seconds
		Asset Database refresh time: 	61.866 seconds
	Scene opening time: 			15.630 seconds
##utp:{"type":"ProjectInfo","version":2,"phase":"Immediate","time":1785196849180,"processId":39040,"projectLoad":101.4848933,"projectInit":85.5478442,"templateInit":0.0,"packageManagerInit":3.6373302,"assetDatabaseInit":1.3628073,"globalIlluminationInit":0.0294695,"assembliesLoad":11.9258186,"unityExtensionsInit":0.0738398,"assetDatabaseRefresh":61.8662465,"sceneOpening":15.6295952}
##utp:{"type":"EditorInfo","version":2,"phase":"Immediate","time":1785196849181,"processId":39040,"editorVersion":"6000.5.2f1 (eb73d3b415a1)","branch":"6000.5/staging","buildType":"Release","platform":"Windows"}
[Licensing::Client] Successfully resolved entitlement details

Asset Pipeline Refresh (id=c06607176b457504186c23d67d5511a5): Total: 0.300 seconds - Initiated by RefreshV2(AllowForceSynchronousImport)
	(Values over 0.05ms)
	Summary:
		Imports: total=0 (actual=0, local cache=0, cache server=0)
		Asset DB Process Time: managed=0 ms, native=299 ms
		Asset DB Callback time: managed=0 ms, native=0 ms
		Scripting: domain reloads=0, domain reload time=0 ms, compile time=0 ms, other=0 ms
		Project Asset Count: scripts=2656, non-scripts=10265
		Asset File Changes: new=0, changed=0, moved=0, deleted=0
		Scan Filter Count: 0
	InvokePackagesCallback: 1.927ms
	ApplyChangesToAssetFolders: 0.257ms
	Collect global state as custom dependencies: 0.134ms
	ProcessAssetsWithTransientArtifactChanges: 0.625ms
	CategorizeAssets: 100.097ms
	CompileScripts: 0.052ms
	ImportOutOfDateAssets: 117.019ms (16.959ms without children)
		ReloadNativeAssets: 1.091ms
		UnloadImportedAssets: 0.261ms
		EnsureUptoDateAssetsAreRegisteredWithGuidPM: 2.777ms
		ImportSchedulerStart: 95.928ms
	GatherAllCurrentPrimaryImportResultRevisions: 1.588ms
	UnloadStreamsBegin: 20.454ms
	PersistCurrentRevisions: 0.525ms
	Untracked: 51.647ms

[Start]
UnityEngine.Debug:ExtractStackTraceNoAlloc (byte*,int,string)
UnityEngine.StackTraceUtility:ExtractStackTrace ()
UnityEngine.DebugLogHandler:Internal_Log (UnityEngine.LogType,UnityEngine.LogOption,string,UnityEngine.Object)
UnityEngine.DebugLogHandler:LogFormat (UnityEngine.LogType,UnityEngine.Object,string,object[])
UnityEngine.Logger:Log (UnityEngine.LogType,object)
UnityEngine.Debug:Log (object)
Unity.AI.Tracing.ConsoleSink:LogToConsole (string,string,System.Exception) (at ./Library/PackageCache/com.unity.ai.assistant@6fee27370e6a/Modules/Unity.AI.Tracing/TraceSinks.cs:313)
Unity.AI.Tracing.ConsoleSink:Write (Unity.AI.Tracing.TraceEvent) (at ./Library/PackageCache/com.unity.ai.assistant@6fee27370e6a/Modules/Unity.AI.Tracing/TraceSinks.cs:277)
Unity.AI.Tracing.TraceWriter:WriteEventInternal (string,string,Unity.AI.Tracing.TraceEventOptions,string,System.Nullable`1<int>) (at ./Library/PackageCache/com.unity.ai.assistant@6fee27370e6a/Modules/Unity.AI.Tracing/TraceWriter.cs:373)
Unity.AI.Tracing.TraceWriter:Event (string,Unity.AI.Tracing.TraceEventOptions) (at ./Library/PackageCache/com.unity.ai.assistant@6fee27370e6a/Modules/Unity.AI.Tracing/TraceWriter.cs:297)
Unity.AI.Tracing.TraceLogger:Emit (string,string,string,string,Unity.AI.Tracing.TraceEventOptions,object,System.Exception) (at ./Library/PackageCache/com.unity.ai.assistant@6fee27370e6a/Modules/Unity.AI.Tracing/TraceLogger.cs:105)
Unity.AI.Tracing.TraceLogger:Info (string,string,string,Unity.AI.Tracing.TraceEventOptions) (at ./Library/PackageCache/com.unity.ai.assistant@6fee27370e6a/Modules/Unity.AI.Tracing/TraceLogger.cs:35)
Unity.AI.MCP.Editor.Helpers.McpLog:Log (string,Unity.AI.Tracing.TraceEventOptions) (at ./Library/PackageCache/com.unity.ai.assistant@6fee27370e6a/Modules/Unity.AI.MCP.Editor/Helpers/McpLog.cs:15)
Unity.AI.MCP.Editor.Bridge:LogBreadcrumb (string) (at ./Library/PackageCache/com.unity.ai.assistant@6fee27370e6a/Modules/Unity.AI.MCP.Editor/Bridge.cs:2055)
Unity.AI.MCP.Editor.Bridge:Start () (at ./Library/PackageCache/com.unity.ai.assistant@6fee27370e6a/Modules/Unity.AI.MCP.Editor/Bridge.cs:279)
Unity.AI.MCP.Editor.Bridge:EnsureStartedOnEditorIdle () (at ./Library/PackageCache/com.unity.ai.assistant@6fee27370e6a/Modules/Unity.AI.MCP.Editor/Bridge.cs:454)
UnityEditor.EditorApplication:Internal_CallUpdateFunctions ()

(Filename: ./Library/PackageCache/com.unity.ai.assistant@6fee27370e6a/Modules/Unity.AI.Tracing/TraceSinks.cs Line: 313)

MCP Bridge V2 started using Named Pipe at \\.\pipe\unity-mcp-9ef311d9-39040 (OS=WindowsEditor)
UnityEngine.Debug:ExtractStackTraceNoAlloc (byte*,int,string)
UnityEngine.StackTraceUtility:ExtractStackTrace ()
UnityEngine.DebugLogHandler:Internal_Log (UnityEngine.LogType,UnityEngine.LogOption,string,UnityEngine.Object)
UnityEngine.DebugLogHandler:LogFormat (UnityEngine.LogType,UnityEngine.Object,string,object[])
UnityEngine.Logger:Log (UnityEngine.LogType,object)
UnityEngine.Debug:Log (object)
Unity.AI.Tracing.ConsoleSink:LogToConsole (string,string,System.Exception) (at ./Library/PackageCache/com.unity.ai.assistant@6fee27370e6a/Modules/Unity.AI.Tracing/TraceSinks.cs:313)
Unity.AI.Tracing.ConsoleSink:Write (Unity.AI.Tracing.TraceEvent) (at ./Library/PackageCache/com.unity.ai.assistant@6fee27370e6a/Modules/Unity.AI.Tracing/TraceSinks.cs:277)
Unity.AI.Tracing.TraceWriter:WriteEventInternal (string,string,Unity.AI.Tracing.TraceEventOptions,string,System.Nullable`1<int>) (at ./Library/PackageCache/com.unity.ai.assistant@6fee27370e6a/Modules/Unity.AI.Tracing/TraceWriter.cs:373)
Unity.AI.Tracing.TraceWriter:Event (string,Unity.AI.Tracing.TraceEventOptions) (at ./Library/PackageCache/com.unity.ai.assistant@6fee27370e6a/Modules/Unity.AI.Tracing/TraceWriter.cs:297)
Unity.AI.Tracing.TraceLogger:Emit (string,string,string,string,Unity.AI.Tracing.TraceEventOptions,object,System.Exception) (at ./Library/PackageCache/com.unity.ai.assistant@6fee27370e6a/Modules/Unity.AI.Tracing/TraceLogger.cs:105)
Unity.AI.Tracing.TraceLogger:Info (string,string,string,Unity.AI.Tracing.TraceEventOptions) (at ./Library/PackageCache/com.unity.ai.assistant@6fee27370e6a/Modules/Unity.AI.Tracing/TraceLogger.cs:35)
Unity.AI.MCP.Editor.Helpers.McpLog:Log (string,Unity.AI.Tracing.TraceEventOptions) (at ./Library/PackageCache/com.unity.ai.assistant@6fee27370e6a/Modules/Unity.AI.MCP.Editor/Helpers/McpLog.cs:15)
Unity.AI.MCP.Editor.Bridge:Start () (at ./Library/PackageCache/com.unity.ai.assistant@6fee27370e6a/Modules/Unity.AI.MCP.Editor/Bridge.cs:288)
Unity.AI.MCP.Editor.Bridge:EnsureStartedOnEditorIdle () (at ./Library/PackageCache/com.unity.ai.assistant@6fee27370e6a/Modules/Unity.AI.MCP.Editor/Bridge.cs:454)
UnityEditor.EditorApplication:Internal_CallUpdateFunctions ()

(Filename: ./Library/PackageCache/com.unity.ai.assistant@6fee27370e6a/Modules/Unity.AI.Tracing/TraceSinks.cs Line: 313)

Saved connection info to C:\Users\joema\.unity/mcp\connections\bridge-9ef311d9-39040.json
UnityEngine.Debug:ExtractStackTraceNoAlloc (byte*,int,string)
UnityEngine.StackTraceUtility:ExtractStackTrace ()
UnityEngine.DebugLogHandler:Internal_Log (UnityEngine.LogType,UnityEngine.LogOption,string,UnityEngine.Object)
UnityEngine.DebugLogHandler:LogFormat (UnityEngine.LogType,UnityEngine.Object,string,object[])
UnityEngine.Logger:Log (UnityEngine.LogType,object)
UnityEngine.Debug:Log (object)
Unity.AI.Tracing.ConsoleSink:LogToConsole (string,string,System.Exception) (at ./Library/PackageCache/com.unity.ai.assistant@6fee27370e6a/Modules/Unity.AI.Tracing/TraceSinks.cs:313)
Unity.AI.Tracing.ConsoleSink:Write (Unity.AI.Tracing.TraceEvent) (at ./Library/PackageCache/com.unity.ai.assistant@6fee27370e6a/Modules/Unity.AI.Tracing/TraceSinks.cs:277)
Unity.AI.Tracing.TraceWriter:WriteEventInternal (string,string,Unity.AI.Tracing.TraceEventOptions,string,System.Nullable`1<int>) (at ./Library/PackageCache/com.unity.ai.assistant@6fee27370e6a/Modules/Unity.AI.Tracing/TraceWriter.cs:373)
Unity.AI.Tracing.TraceWriter:Event (string,Unity.AI.Tracing.TraceEventOptions) (at ./Library/PackageCache/com.unity.ai.assistant@6fee27370e6a/Modules/Unity.AI.Tracing/TraceWriter.cs:297)
Unity.AI.Tracing.TraceLogger:Emit (string,string,string,string,Unity.AI.Tracing.TraceEventOptions,object,System.Exception) (at ./Library/PackageCache/com.unity.ai.assistant@6fee27370e6a/Modules/Unity.AI.Tracing/TraceLogger.cs:105)
Unity.AI.Tracing.TraceLogger:Info (string,string,string,Unity.AI.Tracing.TraceEventOptions) (at ./Library/PackageCache/com.unity.ai.assistant@6fee27370e6a/Modules/Unity.AI.Tracing/TraceLogger.cs:35)
Unity.AI.MCP.Editor.Helpers.McpLog:Log (string,Unity.AI.Tracing.TraceEventOptions) (at ./Library/PackageCache/com.unity.ai.assistant@6fee27370e6a/Modules/Unity.AI.MCP.Editor/Helpers/McpLog.cs:15)
Unity.AI.MCP.Editor.Helpers.ServerDiscovery:SaveConnectionInfo (string) (at ./Library/PackageCache/com.unity.ai.assistant@6fee27370e6a/Modules/Unity.AI.MCP.Editor/Connection/ServerDiscovery.cs:132)
Unity.AI.MCP.Editor.Bridge:Start () (at ./Library/PackageCache/com.unity.ai.assistant@6fee27370e6a/Modules/Unity.AI.MCP.Editor/Bridge.cs:297)
Unity.AI.MCP.Editor.Bridge:EnsureStartedOnEditorIdle () (at ./Library/PackageCache/com.unity.ai.assistant@6fee27370e6a/Modules/Unity.AI.MCP.Editor/Bridge.cs:454)
UnityEditor.EditorApplication:Internal_CallUpdateFunctions ()

(Filename: ./Library/PackageCache/com.unity.ai.assistant@6fee27370e6a/Modules/Unity.AI.Tracing/TraceSinks.cs Line: 313)

Created GICache directory at C:/Users/joema/AppData/LocalLow/Unity/Caches/GiCache. Took: 0.036s, timestamps: [103.021 - 103.058]
Created secure pipe via P/Invoke
UnityEngine.Debug:ExtractStackTraceNoAlloc (byte*,int,string)
UnityEngine.StackTraceUtility:ExtractStackTrace ()
UnityEngine.DebugLogHandler:Internal_Log (UnityEngine.LogType,UnityEngine.LogOption,string,UnityEngine.Object)
UnityEngine.DebugLogHandler:LogFormat (UnityEngine.LogType,UnityEngine.Object,string,object[])
UnityEngine.Logger:Log (UnityEngine.LogType,object)
UnityEngine.Debug:Log (object)
Unity.AI.Tracing.ConsoleSink:LogToConsole (string,string,System.Exception) (at ./Library/PackageCache/com.unity.ai.assistant@6fee27370e6a/Modules/Unity.AI.Tracing/TraceSinks.cs:313)
Unity.AI.Tracing.ConsoleSink/<>c__DisplayClass9_0:<Write>b__0 () (at ./Library/PackageCache/com.unity.ai.assistant@6fee27370e6a/Modules/Unity.AI.Tracing/TraceSinks.cs:286)
UnityEditor.Search.Dispatcher/Task:Invoke ()
UnityEditor.Search.Dispatcher:Process (UnityEditor.Search.Dispatcher/Task&)
UnityEditor.Search.Dispatcher:Update ()
UnityEditor.EditorApplication:Internal_InvokeTickEvents ()

(Filename: ./Library/PackageCache/com.unity.ai.assistant@6fee27370e6a/Modules/Unity.AI.Tracing/TraceSinks.cs Line: 313)

[Licensing::Client] Successfully resolved entitlement details
[Licensing::Client] Successfully resolved entitlement details
[Licensing::Client] Successfully updated the access token
[Licensing::Module] Successfully updated access token: "UfNnhbX5"... (expires: 2026-07-28T01:58:20Z)
[Licensing::Client] Successfully resolved entitlement details
[Licensing::Client] Successfully resolved entitlement details
UPID Received '583057a9-d6e7-4c73-a794-e39e26f012a2'.
[Licensing::Client] Error: Code 404 while processing request (status: Found 0 entitlement groups and 0 free entitlements matching requested entitlement ids)
[Licensing::Client] Error: Code 404 while processing request (status: Found 0 entitlement groups and 0 free entitlements matching requested entitlement ids)
[Licensing::Client] Error: Code 404 while processing request (status: Found 0 entitlement groups and 0 free entitlements matching requested entitlement ids)
[Licensing::Client] Error: Code 404 while processing request (status: Found 0 entitlement groups and 0 free entitlements matching requested entitlement ids)
[Licensing::Client] Error: Code 404 while processing request (status: Found 0 entitlement groups and 0 free entitlements matching requested entitlement ids)
[Licensing::Client] Error: Code 404 while processing request (status: Found 0 entitlement groups and 0 free entitlements matching requested entitlement ids)
[Licensing::Client] Error: Code 404 while processing request (status: Found 0 entitlement groups and 0 free entitlements matching requested entitlement ids)
[Licensing::Client] Error: Code 404 while processing request (status: Found 0 entitlement groups and 0 free entitlements matching requested entitlement ids)
[Licensing::Client] Error: Code 404 while processing request (status: Found 0 entitlement groups and 0 free entitlements matching requested entitlement ids)
[Licensing::Client] Error: Code 404 while processing request (status: Found 0 entitlement groups and 0 free entitlements matching requested entitlement ids)
[Licensing::Client] Error: Code 404 while processing request (status: Found 0 entitlement groups and 0 free entitlements matching requested entitlement ids)
[Licensing::Client] Error: Code 404 while processing request (status: Found 0 entitlement groups and 0 free entitlements matching requested entitlement ids)
[Licensing::Client] Error: Code 404 while processing request (status: Found 0 entitlement groups and 0 free entitlements matching requested entitlement ids)
[Licensing::Client] Error: Code 404 while processing request (status: Found 0 entitlement groups and 0 free entitlements matching requested entitlement ids)
Error reason is 'NoSubscription' and no additional error information was provided (https://generators.ai.unity.com).
UnityEngine.Debug:ExtractStackTraceNoAlloc (byte*,int,string)
UnityEngine.StackTraceUtility:ExtractStackTrace ()
UnityEngine.DebugLogHandler:Internal_Log (UnityEngine.LogType,UnityEngine.LogOption,string,UnityEngine.Object)
UnityEngine.DebugLogHandler:LogFormat (UnityEngine.LogType,UnityEngine.Object,string,object[])
UnityEngine.Logger:Log (UnityEngine.LogType,object)
UnityEngine.Debug:Log (object)
Unity.AI.ModelSelector.Services.Stores.Actions.ModelSelectorSuperProxyActions/<>c/<<-cctor>b__8_0>d:MoveNext () (at ./Library/PackageCache/com.unity.ai.assistant@6fee27370e6a/Modules/Unity.AI.ModelSelector/Services/Stores/Actions/ModelSelectorSuperProxyActions.cs:487)
System.Runtime.CompilerServices.AsyncMethodBuilderCore/MoveNextRunner:InvokeMoveNext (object)
System.Threading.ExecutionContext:RunInternal (System.Threading.ExecutionContext,System.Threading.ContextCallback,object,bool)
System.Threading.ExecutionContext:Run (System.Threading.ExecutionContext,System.Threading.ContextCallback,object,bool)
System.Runtime.CompilerServices.AsyncMethodBuilderCore/MoveNextRunner:Run ()
System.Threading.Tasks.AwaitTaskContinuation:InvokeAction (object)
System.Threading.Tasks.AwaitTaskContinuation:RunCallback (System.Threading.ContextCallback,object,System.Threading.Tasks.Task&)
System.Threading.Tasks.SynchronizationContextAwaitTaskContinuation:Run (System.Threading.Tasks.Task,bool)
System.Threading.Tasks.Task:FinishContinuations ()
System.Threading.Tasks.Task:FinishStageThree ()
System.Threading.Tasks.Task`1<AiEditorToolsSdk.Components.Common.Responses.Wrappers.OperationResult`1<AiEditorToolsSdk.Components.GenerativeModels.Responses.ModelListV2.ModelListFullResult>>:TrySetResult (AiEditorToolsSdk.Components.Common.Responses.Wrappers.OperationResult`1<AiEditorToolsSdk.Components.GenerativeModels.Responses.ModelListV2.ModelListFullResult>)
System.Runtime.CompilerServices.AsyncTaskMethodBuilder`1<AiEditorToolsSdk.Components.Common.Responses.Wrappers.OperationResult`1<AiEditorToolsSdk.Components.GenerativeModels.Responses.ModelListV2.ModelListFullResult>>:SetResult (AiEditorToolsSdk.Components.Common.Responses.Wrappers.OperationResult`1<AiEditorToolsSdk.Components.GenerativeModels.Responses.ModelListV2.ModelListFullResult>)
AiEditorToolsSdk.Components.GenerativeModels.GenerativeModelsComponentV2/<GetModelsAsync>d__5:MoveNext ()
System.Runtime.CompilerServices.AsyncMethodBuilderCore/MoveNextRunner:InvokeMoveNext (object)
System.Threading.ExecutionContext:RunInternal (System.Threading.ExecutionContext,System.Threading.ContextCallback,object,bool)
System.Threading.ExecutionContext:Run (System.Threading.ExecutionContext,System.Threading.ContextCallback,object,bool)
System.Runtime.CompilerServices.AsyncMethodBuilderCore/MoveNextRunner:Run ()
System.Threading.Tasks.AwaitTaskContinuation:InvokeAction (object)
System.Threading.Tasks.AwaitTaskContinuation:RunCallback (System.Threading.ContextCallback,object,System.Threading.Tasks.Task&)
System.Threading.Tasks.SynchronizationContextAwaitTaskContinuation:Run (System.Threading.Tasks.Task,bool)
System.Threading.Tasks.Task:FinishContinuations ()
System.Threading.Tasks.Task:FinishStageThree ()
System.Threading.Tasks.Task`1<AiEditorToolsSdk.Components.Common.Responses.Wrappers.OperationResult`1<AiEditorToolsSdk.Components.GenerativeModels.Responses.ModelListV2.ModelListFullResult>>:TrySetResult (AiEditorToolsSdk.Components.Common.Responses.Wrappers.OperationResult`1<AiEditorToolsSdk.Components.GenerativeModels.Responses.ModelListV2.ModelListFullResult>)
System.Runtime.CompilerServices.AsyncTaskMethodBuilder`1<AiEditorToolsSdk.Components.Common.Responses.Wrappers.OperationResult`1<AiEditorToolsSdk.Components.GenerativeModels.Responses.ModelListV2.ModelListFullResult>>:SetResult (AiEditorToolsSdk.Components.Common.Responses.Wrappers.OperationResult`1<AiEditorToolsSdk.Components.GenerativeModels.Responses.ModelListV2.ModelListFullResult>)
AiEditorToolsSdk.Application.InternalServices.SdkOperation.SdkOperationService/<ExecuteRequest>d__4`1<AiEditorToolsSdk.Components.GenerativeModels.Responses.ModelListV2.ModelListFullResult>:MoveNext ()
System.Runtime.CompilerServices.AsyncMethodBuilderCore/MoveNextRunner:InvokeMoveNext (object)
System.Threading.ExecutionContext:RunInternal (System.Threading.ExecutionContext,System.Threading.ContextCallback,object,bool)
System.Threading.ExecutionContext:Run (System.Threading.ExecutionContext,System.Threading.ContextCallback,object,bool)
System.Runtime.CompilerServices.AsyncMethodBuilderCore/MoveNextRunner:Run ()
System.Threading.Tasks.AwaitTaskContinuation:InvokeAction (object)
System.Threading.Tasks.AwaitTaskContinuation:RunCallback (System.Threading.ContextCallback,object,System.Threading.Tasks.Task&)
System.Threading.Tasks.SynchronizationContextAwaitTaskContinuation:Run (System.Threading.Tasks.Task,bool)
System.Threading.Tasks.Task:FinishContinuations ()
System.Threading.Tasks.Task:FinishStageThree ()
System.Threading.Tasks.Task`1<AiEditorToolsSdk.Components.Common.Responses.Wrappers.OperationResult`1<AiEditorToolsSdk.Components.GenerativeModels.Responses.ModelListV2.ModelListFullResult>>:TrySetResult (AiEditorToolsSdk.Components.Common.Responses.Wrappers.OperationResult`1<AiEditorToolsSdk.Components.GenerativeModels.Responses.ModelListV2.ModelListFullResult>)
System.Runtime.CompilerServices.AsyncTaskMethodBuilder`1<AiEditorToolsSdk.Components.Common.Responses.Wrappers.OperationResult`1<AiEditorToolsSdk.Components.GenerativeModels.Responses.ModelListV2.ModelListFullResult>>:SetResult (AiEditorToolsSdk.Components.Common.Responses.Wrappers.OperationResult`1<AiEditorToolsSdk.Components.GenerativeModels.Responses.ModelListV2.ModelListFullResult>)
AiEditorToolsSdk.Application.Gateways.GenerativeModels.V2.GenerativeModelsGatewayV2/<GetModelsAsync>d__4:MoveNext ()
System.Runtime.CompilerServices.AsyncMethodBuilderCore/MoveNextRunner:InvokeMoveNext (object)
System.Threading.ExecutionContext:RunInternal (System.Threading.ExecutionContext,System.Threading.ContextCallback,object,bool)
System.Threading.ExecutionContext:Run (System.Threading.ExecutionContext,System.Threading.ContextCallback,object,bool)
System.Runtime.CompilerServices.AsyncMethodBuilderCore/MoveNextRunner:Run ()
System.Threading.Tasks.AwaitTaskContinuation:InvokeAction (object)
System.Threading.Tasks.AwaitTaskContinuation:RunCallback (System.Threading.ContextCallback,object,System.Threading.Tasks.Task&)
System.Threading.Tasks.SynchronizationContextAwaitTaskContinuation:Run (System.Threading.Tasks.Task,bool)
System.Threading.Tasks.Task:FinishContinuations ()
System.Threading.Tasks.Task:FinishStageThree ()
System.Threading.Tasks.Task`1<AiEditorToolsSdk.Domain.Core.Results.Result`2<SuperProxyClientV1Namespace.ModelListFullResponse, AiEditorToolsSdk.Domain.Core.Errors.ApiError>>:TrySetResult (AiEditorToolsSdk.Domain.Core.Results.Result`2<SuperProxyClientV1Namespace.ModelListFullResponse, AiEditorToolsSdk.Domain.Core.Errors.ApiError>)
System.Runtime.CompilerServices.AsyncTaskMethodBuilder`1<AiEditorToolsSdk.Domain.Core.Results.Result`2<SuperProxyClientV1Namespace.ModelListFullResponse, AiEditorToolsSdk.Domain.Core.Errors.ApiError>>:SetResult (AiEditorToolsSdk.Domain.Core.Results.Result`2<SuperProxyClientV1Namespace.ModelListFullResponse, AiEditorToolsSdk.Domain.Core.Errors.ApiError>)
AiEditorToolsSdk.Application.InternalServices.ApiClientProcessor.ApiClientProcessorService/<ProcessApiRequest>d__5`1<SuperProxyClientV1Namespace.ModelListFullResponse>:MoveNext ()
System.Runtime.CompilerServices.AsyncMethodBuilderCore/MoveNextRunner:InvokeMoveNext (object)
System.Threading.ExecutionContext:RunInternal (System.Threading.ExecutionContext,System.Threading.ContextCallback,object,bool)
System.Threading.ExecutionContext:Run (System.Threading.ExecutionContext,System.Threading.ContextCallback,object,bool)
System.Runtime.CompilerServices.AsyncMethodBuilderCore/MoveNextRunner:Run ()
System.Threading.Tasks.AwaitTaskContinuation:InvokeAction (object)
System.Threading.Tasks.AwaitTaskContinuation:RunCallback (System.Threading.ContextCallback,object,System.Threading.Tasks.Task&)
System.Threading.Tasks.SynchronizationContextAwaitTaskContinuation:Run (System.Threading.Tasks.Task,bool)
System.Threading.Tasks.Task:FinishContinuations ()
System.Threading.Tasks.Task:FinishStageThree ()
System.Threading.Tasks.Task`1<AiEditorToolsSdk.Domain.Core.Results.Result`2<SuperProxyClientV1Namespace.ModelListFullResponse, AiEditorToolsSdk.Domain.Core.Errors.ApiError>>:TrySetResult (AiEditorToolsSdk.Domain.Core.Results.Result`2<SuperProxyClientV1Namespace.ModelListFullResponse, AiEditorToolsSdk.Domain.Core.Errors.ApiError>)
System.Runtime.CompilerServices.AsyncTaskMethodBuilder`1<AiEditorToolsSdk.Domain.Core.Results.Result`2<SuperProxyClientV1Namespace.ModelListFullResponse, AiEditorToolsSdk.Domain.Core.Errors.ApiError>>:SetResult (AiEditorToolsSdk.Domain.Core.Results.Result`2<SuperProxyClientV1Namespace.ModelListFullResponse, AiEditorToolsSdk.Domain.Core.Errors.ApiError>)
AiEditorToolsSdk.Application.InternalServices.ApiClientProcessor.ApiClientProcessorService/<ProcessApiRequestImpl>d__6`1<SuperProxyClientV1Namespace.ModelListFullResponse>:MoveNext ()
System.Runtime.CompilerServices.AsyncMethodBuilderCore/MoveNextRunner:InvokeMoveNext (object)
System.Threading.ExecutionContext:RunInternal (System.Threading.ExecutionContext,System.Threading.ContextCallback,object,bool)
System.Threading.ExecutionContext:Run (System.Threading.ExecutionContext,System.Threading.ContextCallback,object,bool)
System.Runtime.CompilerServices.AsyncMethodBuilderCore/MoveNextRunner:Run ()
System.Threading.Tasks.AwaitTaskContinuation:InvokeAction (object)
System.Threading.Tasks.AwaitTaskContinuation:RunCallback (System.Threading.ContextCallback,object,System.Threading.Tasks.Task&)
System.Threading.Tasks.SynchronizationContextAwaitTaskContinuation:Run (System.Threading.Tasks.Task,bool)
System.Threading.Tasks.Task:FinishContinuations ()
System.Threading.Tasks.Task:FinishStageThree ()
System.Threading.Tasks.Task:FinishStageTwo ()
System.Threading.Tasks.Task:Finish (bool)
System.Threading.Tasks.Task:TrySetException (object)
System.Runtime.CompilerServices.AsyncTaskMethodBuilder`1<SuperProxyClientV1Namespace.ModelListFullResponse>:SetException (System.Exception)
AiEditorToolsSdk.Application.Gateways.GenerativeModels.V2.GenerativeModelsGatewayV2/<>c__DisplayClass4_0/<<GetModelsAsync>b__0>d:MoveNext ()
System.Runtime.CompilerServices.AsyncMethodBuilderCore/MoveNextRunner:InvokeMoveNext (object)
System.Threading.ExecutionContext:RunInternal (System.Threading.ExecutionContext,System.Threading.ContextCallback,object,bool)
System.Threading.ExecutionContext:Run (System.Threading.ExecutionContext,System.Threading.ContextCallback,object,bool)
System.Runtime.CompilerServices.AsyncMethodBuilderCore/MoveNextRunner:Run ()
System.Threading.Tasks.SynchronizationContextAwaitTaskContinuation/<>c:<.cctor>b__7_0 (object)
UnityEngine.UnitySynchronizationContext/WorkRequest:Invoke ()
UnityEngine.UnitySynchronizationContext:Exec ()
UnityEngine.UnitySynchronizationContext:ExecuteTasks ()

(Filename: ./Library/PackageCache/com.unity.ai.assistant@6fee27370e6a/Modules/Unity.AI.ModelSelector/Services/Stores/Actions/ModelSelectorSuperProxyActions.cs Line: 487)

Error reason is 'NoSubscription' and no additional error information was provided (https://generators.ai.unity.com).
UnityEngine.Debug:ExtractStackTraceNoAlloc (byte*,int,string)
UnityEngine.StackTraceUtility:ExtractStackTrace ()
UnityEngine.DebugLogHandler:Internal_Log (UnityEngine.LogType,UnityEngine.LogOption,string,UnityEngine.Object)
UnityEngine.DebugLogHandler:LogFormat (UnityEngine.LogType,UnityEngine.Object,string,object[])
UnityEngine.Logger:Log (UnityEngine.LogType,object)
UnityEngine.Debug:Log (object)
Unity.AI.ModelSelector.Services.Stores.Actions.ModelSelectorSuperProxyActions/<>c/<<-cctor>b__8_0>d:MoveNext () (at ./Library/PackageCache/com.unity.ai.assistant@6fee27370e6a/Modules/Unity.AI.ModelSelector/Services/Stores/Actions/ModelSelectorSuperProxyActions.cs:487)
System.Runtime.CompilerServices.AsyncMethodBuilderCore/MoveNextRunner:InvokeMoveNext (object)
System.Threading.ExecutionContext:RunInternal (System.Threading.ExecutionContext,System.Threading.ContextCallback,object,bool)
System.Threading.ExecutionContext:Run (System.Threading.ExecutionContext,System.Threading.ContextCallback,object,bool)
System.Runtime.CompilerServices.AsyncMethodBuilderCore/MoveNextRunner:Run ()
System.Threading.Tasks.AwaitTaskContinuation:InvokeAction (object)
System.Threading.Tasks.AwaitTaskContinuation:RunCallback (System.Threading.ContextCallback,object,System.Threading.Tasks.Task&)
System.Threading.Tasks.SynchronizationContextAwaitTaskContinuation:Run (System.Threading.Tasks.Task,bool)
System.Threading.Tasks.Task:FinishContinuations ()
System.Threading.Tasks.Task:FinishStageThree ()
System.Threading.Tasks.Task`1<AiEditorToolsSdk.Components.Common.Responses.Wrappers.OperationResult`1<AiEditorToolsSdk.Components.GenerativeModels.Responses.ModelListV2.ModelListFullResult>>:TrySetResult (AiEditorToolsSdk.Components.Common.Responses.Wrappers.OperationResult`1<AiEditorToolsSdk.Components.GenerativeModels.Responses.ModelListV2.ModelListFullResult>)
System.Runtime.CompilerServices.AsyncTaskMethodBuilder`1<AiEditorToolsSdk.Components.Common.Responses.Wrappers.OperationResult`1<AiEditorToolsSdk.Components.GenerativeModels.Responses.ModelListV2.ModelListFullResult>>:SetResult (AiEditorToolsSdk.Components.Common.Responses.Wrappers.OperationResult`1<AiEditorToolsSdk.Components.GenerativeModels.Responses.ModelListV2.ModelListFullResult>)
AiEditorToolsSdk.Components.GenerativeModels.GenerativeModelsComponentV2/<GetModelsAsync>d__5:MoveNext ()
System.Runtime.CompilerServices.AsyncMethodBuilderCore/MoveNextRunner:InvokeMoveNext (object)
System.Threading.ExecutionContext:RunInternal (System.Threading.ExecutionContext,System.Threading.ContextCallback,object,bool)
System.Threading.ExecutionContext:Run (System.Threading.ExecutionContext,System.Threading.ContextCallback,object,bool)
System.Runtime.CompilerServices.AsyncMethodBuilderCore/MoveNextRunner:Run ()
System.Threading.Tasks.AwaitTaskContinuation:InvokeAction (object)
System.Threading.Tasks.AwaitTaskContinuation:RunCallback (System.Threading.ContextCallback,object,System.Threading.Tasks.Task&)
System.Threading.Tasks.SynchronizationContextAwaitTaskContinuation:Run (System.Threading.Tasks.Task,bool)
System.Threading.Tasks.Task:FinishContinuations ()
System.Threading.Tasks.Task:FinishStageThree ()
System.Threading.Tasks.Task`1<AiEditorToolsSdk.Components.Common.Responses.Wrappers.OperationResult`1<AiEditorToolsSdk.Components.GenerativeModels.Responses.ModelListV2.ModelListFullResult>>:TrySetResult (AiEditorToolsSdk.Components.Common.Responses.Wrappers.OperationResult`1<AiEditorToolsSdk.Components.GenerativeModels.Responses.ModelListV2.ModelListFullResult>)
System.Runtime.CompilerServices.AsyncTaskMethodBuilder`1<AiEditorToolsSdk.Components.Common.Responses.Wrappers.OperationResult`1<AiEditorToolsSdk.Components.GenerativeModels.Responses.ModelListV2.ModelListFullResult>>:SetResult (AiEditorToolsSdk.Components.Common.Responses.Wrappers.OperationResult`1<AiEditorToolsSdk.Components.GenerativeModels.Responses.ModelListV2.ModelListFullResult>)
AiEditorToolsSdk.Application.InternalServices.SdkOperation.SdkOperationService/<ExecuteRequest>d__4`1<AiEditorToolsSdk.Components.GenerativeModels.Responses.ModelListV2.ModelListFullResult>:MoveNext ()
System.Runtime.CompilerServices.AsyncMethodBuilderCore/MoveNextRunner:InvokeMoveNext (object)
System.Threading.ExecutionContext:RunInternal (System.Threading.ExecutionContext,System.Threading.ContextCallback,object,bool)
System.Threading.ExecutionContext:Run (System.Threading.ExecutionContext,System.Threading.ContextCallback,object,bool)
System.Runtime.CompilerServices.AsyncMethodBuilderCore/MoveNextRunner:Run ()
System.Threading.Tasks.AwaitTaskContinuation:InvokeAction (object)
System.Threading.Tasks.AwaitTaskContinuation:RunCallback (System.Threading.ContextCallback,object,System.Threading.Tasks.Task&)
System.Threading.Tasks.SynchronizationContextAwaitTaskContinuation:Run (System.Threading.Tasks.Task,bool)
System.Threading.Tasks.Task:FinishContinuations ()
System.Threading.Tasks.Task:FinishStageThree ()
System.Threading.Tasks.Task`1<AiEditorToolsSdk.Components.Common.Responses.Wrappers.OperationResult`1<AiEditorToolsSdk.Components.GenerativeModels.Responses.ModelListV2.ModelListFullResult>>:TrySetResult (AiEditorToolsSdk.Components.Common.Responses.Wrappers.OperationResult`1<AiEditorToolsSdk.Components.GenerativeModels.Responses.ModelListV2.ModelListFullResult>)
System.Runtime.CompilerServices.AsyncTaskMethodBuilder`1<AiEditorToolsSdk.Components.Common.Responses.Wrappers.OperationResult`1<AiEditorToolsSdk.Components.GenerativeModels.Responses.ModelListV2.ModelListFullResult>>:SetResult (AiEditorToolsSdk.Components.Common.Responses.Wrappers.OperationResult`1<AiEditorToolsSdk.Components.GenerativeModels.Responses.ModelListV2.ModelListFullResult>)
AiEditorToolsSdk.Application.Gateways.GenerativeModels.V2.GenerativeModelsGatewayV2/<GetModelsAsync>d__4:MoveNext ()
System.Runtime.CompilerServices.AsyncMethodBuilderCore/MoveNextRunner:InvokeMoveNext (object)
System.Threading.ExecutionContext:RunInternal (System.Threading.ExecutionContext,System.Threading.ContextCallback,object,bool)
System.Threading.ExecutionContext:Run (System.Threading.ExecutionContext,System.Threading.ContextCallback,object,bool)
System.Runtime.CompilerServices.AsyncMethodBuilderCore/MoveNextRunner:Run ()
System.Threading.Tasks.AwaitTaskContinuation:InvokeAction (object)
System.Threading.Tasks.AwaitTaskContinuation:RunCallback (System.Threading.ContextCallback,object,System.Threading.Tasks.Task&)
System.Threading.Tasks.SynchronizationContextAwaitTaskContinuation:Run (System.Threading.Tasks.Task,bool)
System.Threading.Tasks.Task:FinishContinuations ()
System.Threading.Tasks.Task:FinishStageThree ()
System.Threading.Tasks.Task`1<AiEditorToolsSdk.Domain.Core.Results.Result`2<SuperProxyClientV1Namespace.ModelListFullResponse, AiEditorToolsSdk.Domain.Core.Errors.ApiError>>:TrySetResult (AiEditorToolsSdk.Domain.Core.Results.Result`2<SuperProxyClientV1Namespace.ModelListFullResponse, AiEditorToolsSdk.Domain.Core.Errors.ApiError>)
System.Runtime.CompilerServices.AsyncTaskMethodBuilder`1<AiEditorToolsSdk.Domain.Core.Results.Result`2<SuperProxyClientV1Namespace.ModelListFullResponse, AiEditorToolsSdk.Domain.Core.Errors.ApiError>>:SetResult (AiEditorToolsSdk.Domain.Core.Results.Result`2<SuperProxyClientV1Namespace.ModelListFullResponse, AiEditorToolsSdk.Domain.Core.Errors.ApiError>)
AiEditorToolsSdk.Application.InternalServices.ApiClientProcessor.ApiClientProcessorService/<ProcessApiRequest>d__5`1<SuperProxyClientV1Namespace.ModelListFullResponse>:MoveNext ()
System.Runtime.CompilerServices.AsyncMethodBuilderCore/MoveNextRunner:InvokeMoveNext (object)
System.Threading.ExecutionContext:RunInternal (System.Threading.ExecutionContext,System.Threading.ContextCallback,object,bool)
System.Threading.ExecutionContext:Run (System.Threading.ExecutionContext,System.Threading.ContextCallback,object,bool)
System.Runtime.CompilerServices.AsyncMethodBuilderCore/MoveNextRunner:Run ()
System.Threading.Tasks.AwaitTaskContinuation:InvokeAction (object)
System.Threading.Tasks.AwaitTaskContinuation:RunCallback (System.Threading.ContextCallback,object,System.Threading.Tasks.Task&)
System.Threading.Tasks.SynchronizationContextAwaitTaskContinuation:Run (System.Threading.Tasks.Task,bool)
System.Threading.Tasks.Task:FinishContinuations ()
System.Threading.Tasks.Task:FinishStageThree ()
System.Threading.Tasks.Task`1<AiEditorToolsSdk.Domain.Core.Results.Result`2<SuperProxyClientV1Namespace.ModelListFullResponse, AiEditorToolsSdk.Domain.Core.Errors.ApiError>>:TrySetResult (AiEditorToolsSdk.Domain.Core.Results.Result`2<SuperProxyClientV1Namespace.ModelListFullResponse, AiEditorToolsSdk.Domain.Core.Errors.ApiError>)
System.Runtime.CompilerServices.AsyncTaskMethodBuilder`1<AiEditorToolsSdk.Domain.Core.Results.Result`2<SuperProxyClientV1Namespace.ModelListFullResponse, AiEditorToolsSdk.Domain.Core.Errors.ApiError>>:SetResult (AiEditorToolsSdk.Domain.Core.Results.Result`2<SuperProxyClientV1Namespace.ModelListFullResponse, AiEditorToolsSdk.Domain.Core.Errors.ApiError>)
AiEditorToolsSdk.Application.InternalServices.ApiClientProcessor.ApiClientProcessorService/<ProcessApiRequestImpl>d__6`1<SuperProxyClientV1Namespace.ModelListFullResponse>:MoveNext ()
System.Runtime.CompilerServices.AsyncMethodBuilderCore/MoveNextRunner:InvokeMoveNext (object)
System.Threading.ExecutionContext:RunInternal (System.Threading.ExecutionContext,System.Threading.ContextCallback,object,bool)
System.Threading.ExecutionContext:Run (System.Threading.ExecutionContext,System.Threading.ContextCallback,object,bool)
System.Runtime.CompilerServices.AsyncMethodBuilderCore/MoveNextRunner:Run ()
System.Threading.Tasks.AwaitTaskContinuation:InvokeAction (object)
System.Threading.Tasks.AwaitTaskContinuation:RunCallback (System.Threading.ContextCallback,object,System.Threading.Tasks.Task&)
System.Threading.Tasks.SynchronizationContextAwaitTaskContinuation:Run (System.Threading.Tasks.Task,bool)
System.Threading.Tasks.Task:FinishContinuations ()
System.Threading.Tasks.Task:FinishStageThree ()
System.Threading.Tasks.Task:FinishStageTwo ()
System.Threading.Tasks.Task:Finish (bool)
System.Threading.Tasks.Task:TrySetException (object)
System.Runtime.CompilerServices.AsyncTaskMethodBuilder`1<SuperProxyClientV1Namespace.ModelListFullResponse>:SetException (System.Exception)
AiEditorToolsSdk.Application.Gateways.GenerativeModels.V2.GenerativeModelsGatewayV2/<>c__DisplayClass4_0/<<GetModelsAsync>b__0>d:MoveNext ()
System.Runtime.CompilerServices.AsyncMethodBuilderCore/MoveNextRunner:InvokeMoveNext (object)
System.Threading.ExecutionContext:RunInternal (System.Threading.ExecutionContext,System.Threading.ContextCallback,object,bool)
System.Threading.ExecutionContext:Run (System.Threading.ExecutionContext,System.Threading.ContextCallback,object,bool)
System.Runtime.CompilerServices.AsyncMethodBuilderCore/MoveNextRunner:Run ()
System.Threading.Tasks.SynchronizationContextAwaitTaskContinuation/<>c:<.cctor>b__7_0 (object)
UnityEngine.UnitySynchronizationContext/WorkRequest:Invoke ()
UnityEngine.UnitySynchronizationContext:Exec ()
UnityEngine.UnitySynchronizationContext:ExecuteTasks ()

(Filename: ./Library/PackageCache/com.unity.ai.assistant@6fee27370e6a/Modules/Unity.AI.ModelSelector/Services/Stores/Actions/ModelSelectorSuperProxyActions.cs Line: 487)

Error reason is 'NoSubscription' and no additional error information was provided (https://generators.ai.unity.com).
UnityEngine.Debug:ExtractStackTraceNoAlloc (byte*,int,string)
UnityEngine.StackTraceUtility:ExtractStackTrace ()
UnityEngine.DebugLogHandler:Internal_Log (UnityEngine.LogType,UnityEngine.LogOption,string,UnityEngine.Object)
UnityEngine.DebugLogHandler:LogFormat (UnityEngine.LogType,UnityEngine.Object,string,object[])
UnityEngine.Logger:Log (UnityEngine.LogType,object)
UnityEngine.Debug:Log (object)
Unity.AI.ModelSelector.Services.Stores.Actions.ModelSelectorSuperProxyActions/<>c/<<-cctor>b__8_0>d:MoveNext () (at ./Library/PackageCache/com.unity.ai.assistant@6fee27370e6a/Modules/Unity.AI.ModelSelector/Services/Stores/Actions/ModelSelectorSuperProxyActions.cs:487)
System.Runtime.CompilerServices.AsyncMethodBuilderCore/MoveNextRunner:InvokeMoveNext (object)
System.Threading.ExecutionContext:RunInternal (System.Threading.ExecutionContext,System.Threading.ContextCallback,object,bool)
System.Threading.ExecutionContext:Run (System.Threading.ExecutionContext,System.Threading.ContextCallback,object,bool)
System.Runtime.CompilerServices.AsyncMethodBuilderCore/MoveNextRunner:Run ()
System.Threading.Tasks.AwaitTaskContinuation:InvokeAction (object)
System.Threading.Tasks.AwaitTaskContinuation:RunCallback (System.Threading.ContextCallback,object,System.Threading.Tasks.Task&)
System.Threading.Tasks.SynchronizationContextAwaitTaskContinuation:Run (System.Threading.Tasks.Task,bool)
System.Threading.Tasks.Task:FinishContinuations ()
System.Threading.Tasks.Task:FinishStageThree ()
System.Threading.Tasks.Task`1<AiEditorToolsSdk.Components.Common.Responses.Wrappers.OperationResult`1<AiEditorToolsSdk.Components.GenerativeModels.Responses.ModelListV2.ModelListFullResult>>:TrySetResult (AiEditorToolsSdk.Components.Common.Responses.Wrappers.OperationResult`1<AiEditorToolsSdk.Components.GenerativeModels.Responses.ModelListV2.ModelListFullResult>)
System.Runtime.CompilerServices.AsyncTaskMethodBuilder`1<AiEditorToolsSdk.Components.Common.Responses.Wrappers.OperationResult`1<AiEditorToolsSdk.Components.GenerativeModels.Responses.ModelListV2.ModelListFullResult>>:SetResult (AiEditorToolsSdk.Components.Common.Responses.Wrappers.OperationResult`1<AiEditorToolsSdk.Components.GenerativeModels.Responses.ModelListV2.ModelListFullResult>)
AiEditorToolsSdk.Components.GenerativeModels.GenerativeModelsComponentV2/<GetModelsAsync>d__5:MoveNext ()
System.Runtime.CompilerServices.AsyncMethodBuilderCore/MoveNextRunner:InvokeMoveNext (object)
System.Threading.ExecutionContext:RunInternal (System.Threading.ExecutionContext,System.Threading.ContextCallback,object,bool)
System.Threading.ExecutionContext:Run (System.Threading.ExecutionContext,System.Threading.ContextCallback,object,bool)
System.Runtime.CompilerServices.AsyncMethodBuilderCore/MoveNextRunner:Run ()
System.Threading.Tasks.AwaitTaskContinuation:InvokeAction (object)
System.Threading.Tasks.AwaitTaskContinuation:RunCallback (System.Threading.ContextCallback,object,System.Threading.Tasks.Task&)
System.Threading.Tasks.SynchronizationContextAwaitTaskContinuation:Run (System.Threading.Tasks.Task,bool)
System.Threading.Tasks.Task:FinishContinuations ()
System.Threading.Tasks.Task:FinishStageThree ()
System.Threading.Tasks.Task`1<AiEditorToolsSdk.Components.Common.Responses.Wrappers.OperationResult`1<AiEditorToolsSdk.Components.GenerativeModels.Responses.ModelListV2.ModelListFullResult>>:TrySetResult (AiEditorToolsSdk.Components.Common.Responses.Wrappers.OperationResult`1<AiEditorToolsSdk.Components.GenerativeModels.Responses.ModelListV2.ModelListFullResult>)
System.Runtime.CompilerServices.AsyncTaskMethodBuilder`1<AiEditorToolsSdk.Components.Common.Responses.Wrappers.OperationResult`1<AiEditorToolsSdk.Components.GenerativeModels.Responses.ModelListV2.ModelListFullResult>>:SetResult (AiEditorToolsSdk.Components.Common.Responses.Wrappers.OperationResult`1<AiEditorToolsSdk.Components.GenerativeModels.Responses.ModelListV2.ModelListFullResult>)
AiEditorToolsSdk.Application.InternalServices.SdkOperation.SdkOperationService/<ExecuteRequest>d__4`1<AiEditorToolsSdk.Components.GenerativeModels.Responses.ModelListV2.ModelListFullResult>:MoveNext ()
System.Runtime.CompilerServices.AsyncMethodBuilderCore/MoveNextRunner:InvokeMoveNext (object)
System.Threading.ExecutionContext:RunInternal (System.Threading.ExecutionContext,System.Threading.ContextCallback,object,bool)
System.Threading.ExecutionContext:Run (System.Threading.ExecutionContext,System.Threading.ContextCallback,object,bool)
System.Runtime.CompilerServices.AsyncMethodBuilderCore/MoveNextRunner:Run ()
System.Threading.Tasks.AwaitTaskContinuation:InvokeAction (object)
System.Threading.Tasks.AwaitTaskContinuation:RunCallback (System.Threading.ContextCallback,object,System.Threading.Tasks.Task&)
System.Threading.Tasks.SynchronizationContextAwaitTaskContinuation:Run (System.Threading.Tasks.Task,bool)
System.Threading.Tasks.Task:FinishContinuations ()
System.Threading.Tasks.Task:FinishStageThree ()
System.Threading.Tasks.Task`1<AiEditorToolsSdk.Components.Common.Responses.Wrappers.OperationResult`1<AiEditorToolsSdk.Components.GenerativeModels.Responses.ModelListV2.ModelListFullResult>>:TrySetResult (AiEditorToolsSdk.Components.Common.Responses.Wrappers.OperationResult`1<AiEditorToolsSdk.Components.GenerativeModels.Responses.ModelListV2.ModelListFullResult>)
System.Runtime.CompilerServices.AsyncTaskMethodBuilder`1<AiEditorToolsSdk.Components.Common.Responses.Wrappers.OperationResult`1<AiEditorToolsSdk.Components.GenerativeModels.Responses.ModelListV2.ModelListFullResult>>:SetResult (AiEditorToolsSdk.Components.Common.Responses.Wrappers.OperationResult`1<AiEditorToolsSdk.Components.GenerativeModels.Responses.ModelListV2.ModelListFullResult>)
AiEditorToolsSdk.Application.Gateways.GenerativeModels.V2.GenerativeModelsGatewayV2/<GetModelsAsync>d__4:MoveNext ()
System.Runtime.CompilerServices.AsyncMethodBuilderCore/MoveNextRunner:InvokeMoveNext (object)
System.Threading.ExecutionContext:RunInternal (System.Threading.ExecutionContext,System.Threading.ContextCallback,object,bool)
System.Threading.ExecutionContext:Run (System.Threading.ExecutionContext,System.Threading.ContextCallback,object,bool)
System.Runtime.CompilerServices.AsyncMethodBuilderCore/MoveNextRunner:Run ()
System.Threading.Tasks.AwaitTaskContinuation:InvokeAction (object)
System.Threading.Tasks.AwaitTaskContinuation:RunCallback (System.Threading.ContextCallback,object,System.Threading.Tasks.Task&)
System.Threading.Tasks.SynchronizationContextAwaitTaskContinuation:Run (System.Threading.Tasks.Task,bool)
System.Threading.Tasks.Task:FinishContinuations ()
System.Threading.Tasks.Task:FinishStageThree ()
System.Threading.Tasks.Task`1<AiEditorToolsSdk.Domain.Core.Results.Result`2<SuperProxyClientV1Namespace.ModelListFullResponse, AiEditorToolsSdk.Domain.Core.Errors.ApiError>>:TrySetResult (AiEditorToolsSdk.Domain.Core.Results.Result`2<SuperProxyClientV1Namespace.ModelListFullResponse, AiEditorToolsSdk.Domain.Core.Errors.ApiError>)
System.Runtime.CompilerServices.AsyncTaskMethodBuilder`1<AiEditorToolsSdk.Domain.Core.Results.Result`2<SuperProxyClientV1Namespace.ModelListFullResponse, AiEditorToolsSdk.Domain.Core.Errors.ApiError>>:SetResult (AiEditorToolsSdk.Domain.Core.Results.Result`2<SuperProxyClientV1Namespace.ModelListFullResponse, AiEditorToolsSdk.Domain.Core.Errors.ApiError>)
AiEditorToolsSdk.Application.InternalServices.ApiClientProcessor.ApiClientProcessorService/<ProcessApiRequest>d__5`1<SuperProxyClientV1Namespace.ModelListFullResponse>:MoveNext ()
System.Runtime.CompilerServices.AsyncMethodBuilderCore/MoveNextRunner:InvokeMoveNext (object)
System.Threading.ExecutionContext:RunInternal (System.Threading.ExecutionContext,System.Threading.ContextCallback,object,bool)
System.Threading.ExecutionContext:Run (System.Threading.ExecutionContext,System.Threading.ContextCallback,object,bool)
System.Runtime.CompilerServices.AsyncMethodBuilderCore/MoveNextRunner:Run ()
System.Threading.Tasks.AwaitTaskContinuation:InvokeAction (object)
System.Threading.Tasks.AwaitTaskContinuation:RunCallback (System.Threading.ContextCallback,object,System.Threading.Tasks.Task&)
System.Threading.Tasks.SynchronizationContextAwaitTaskContinuation:Run (System.Threading.Tasks.Task,bool)
System.Threading.Tasks.Task:FinishContinuations ()
System.Threading.Tasks.Task:FinishStageThree ()
System.Threading.Tasks.Task`1<AiEditorToolsSdk.Domain.Core.Results.Result`2<SuperProxyClientV1Namespace.ModelListFullResponse, AiEditorToolsSdk.Domain.Core.Errors.ApiError>>:TrySetResult (AiEditorToolsSdk.Domain.Core.Results.Result`2<SuperProxyClientV1Namespace.ModelListFullResponse, AiEditorToolsSdk.Domain.Core.Errors.ApiError>)
System.Runtime.CompilerServices.AsyncTaskMethodBuilder`1<AiEditorToolsSdk.Domain.Core.Results.Result`2<SuperProxyClientV1Namespace.ModelListFullResponse, AiEditorToolsSdk.Domain.Core.Errors.ApiError>>:SetResult (AiEditorToolsSdk.Domain.Core.Results.Result`2<SuperProxyClientV1Namespace.ModelListFullResponse, AiEditorToolsSdk.Domain.Core.Errors.ApiError>)
AiEditorToolsSdk.Application.InternalServices.ApiClientProcessor.ApiClientProcessorService/<ProcessApiRequestImpl>d__6`1<SuperProxyClientV1Namespace.ModelListFullResponse>:MoveNext ()
System.Runtime.CompilerServices.AsyncMethodBuilderCore/MoveNextRunner:InvokeMoveNext (object)
System.Threading.ExecutionContext:RunInternal (System.Threading.ExecutionContext,System.Threading.ContextCallback,object,bool)
System.Threading.ExecutionContext:Run (System.Threading.ExecutionContext,System.Threading.ContextCallback,object,bool)
System.Runtime.CompilerServices.AsyncMethodBuilderCore/MoveNextRunner:Run ()
System.Threading.Tasks.AwaitTaskContinuation:InvokeAction (object)
System.Threading.Tasks.AwaitTaskContinuation:RunCallback (System.Threading.ContextCallback,object,System.Threading.Tasks.Task&)
System.Threading.Tasks.SynchronizationContextAwaitTaskContinuation:Run (System.Threading.Tasks.Task,bool)
System.Threading.Tasks.Task:FinishContinuations ()
System.Threading.Tasks.Task:FinishStageThree ()
System.Threading.Tasks.Task:FinishStageTwo ()
System.Threading.Tasks.Task:Finish (bool)
System.Threading.Tasks.Task:TrySetException (object)
System.Runtime.CompilerServices.AsyncTaskMethodBuilder`1<SuperProxyClientV1Namespace.ModelListFullResponse>:SetException (System.Exception)
AiEditorToolsSdk.Application.Gateways.GenerativeModels.V2.GenerativeModelsGatewayV2/<>c__DisplayClass4_0/<<GetModelsAsync>b__0>d:MoveNext ()
System.Runtime.CompilerServices.AsyncMethodBuilderCore/MoveNextRunner:InvokeMoveNext (object)
System.Threading.ExecutionContext:RunInternal (System.Threading.ExecutionContext,System.Threading.ContextCallback,object,bool)
System.Threading.ExecutionContext:Run (System.Threading.ExecutionContext,System.Threading.ContextCallback,object,bool)
System.Runtime.CompilerServices.AsyncMethodBuilderCore/MoveNextRunner:Run ()
System.Threading.Tasks.SynchronizationContextAwaitTaskContinuation/<>c:<.cctor>b__7_0 (object)
UnityEngine.UnitySynchronizationContext/WorkRequest:Invoke ()
UnityEngine.UnitySynchronizationContext:Exec ()
UnityEngine.UnitySynchronizationContext:ExecuteTasks ()

(Filename: ./Library/PackageCache/com.unity.ai.assistant@6fee27370e6a/Modules/Unity.AI.ModelSelector/Services/Stores/Actions/ModelSelectorSuperProxyActions.cs Line: 487)

Error reason is 'NoSubscription' and no additional error information was provided (https://generators.ai.unity.com).
UnityEngine.Debug:ExtractStackTraceNoAlloc (byte*,int,string)
UnityEngine.StackTraceUtility:ExtractStackTrace ()
UnityEngine.DebugLogHandler:Internal_Log (UnityEngine.LogType,UnityEngine.LogOption,string,UnityEngine.Object)
UnityEngine.DebugLogHandler:LogFormat (UnityEngine.LogType,UnityEngine.Object,string,object[])
UnityEngine.Logger:Log (UnityEngine.LogType,object)
UnityEngine.Debug:Log (object)
Unity.AI.ModelSelector.Services.Stores.Actions.ModelSelectorSuperProxyActions/<>c/<<-cctor>b__8_0>d:MoveNext () (at ./Library/PackageCache/com.unity.ai.assistant@6fee27370e6a/Modules/Unity.AI.ModelSelector/Services/Stores/Actions/ModelSelectorSuperProxyActions.cs:487)
System.Runtime.CompilerServices.AsyncMethodBuilderCore/MoveNextRunner:InvokeMoveNext (object)
System.Threading.ExecutionContext:RunInternal (System.Threading.ExecutionContext,System.Threading.ContextCallback,object,bool)
System.Threading.ExecutionContext:Run (System.Threading.ExecutionContext,System.Threading.ContextCallback,object,bool)
System.Runtime.CompilerServices.AsyncMethodBuilderCore/MoveNextRunner:Run ()
System.Threading.Tasks.AwaitTaskContinuation:InvokeAction (object)
System.Threading.Tasks.AwaitTaskContinuation:RunCallback (System.Threading.ContextCallback,object,System.Threading.Tasks.Task&)
System.Threading.Tasks.SynchronizationContextAwaitTaskContinuation:Run (System.Threading.Tasks.Task,bool)
System.Threading.Tasks.Task:FinishContinuations ()
System.Threading.Tasks.Task:FinishStageThree ()
System.Threading.Tasks.Task`1<AiEditorToolsSdk.Components.Common.Responses.Wrappers.OperationResult`1<AiEditorToolsSdk.Components.GenerativeModels.Responses.ModelListV2.ModelListFullResult>>:TrySetResult (AiEditorToolsSdk.Components.Common.Responses.Wrappers.OperationResult`1<AiEditorToolsSdk.Components.GenerativeModels.Responses.ModelListV2.ModelListFullResult>)
System.Runtime.CompilerServices.AsyncTaskMethodBuilder`1<AiEditorToolsSdk.Components.Common.Responses.Wrappers.OperationResult`1<AiEditorToolsSdk.Components.GenerativeModels.Responses.ModelListV2.ModelListFullResult>>:SetResult (AiEditorToolsSdk.Components.Common.Responses.Wrappers.OperationResult`1<AiEditorToolsSdk.Components.GenerativeModels.Responses.ModelListV2.ModelListFullResult>)
AiEditorToolsSdk.Components.GenerativeModels.GenerativeModelsComponentV2/<GetModelsAsync>d__5:MoveNext ()
System.Runtime.CompilerServices.AsyncMethodBuilderCore/MoveNextRunner:InvokeMoveNext (object)
System.Threading.ExecutionContext:RunInternal (System.Threading.ExecutionContext,System.Threading.ContextCallback,object,bool)
System.Threading.ExecutionContext:Run (System.Threading.ExecutionContext,System.Threading.ContextCallback,object,bool)
System.Runtime.CompilerServices.AsyncMethodBuilderCore/MoveNextRunner:Run ()
System.Threading.Tasks.AwaitTaskContinuation:InvokeAction (object)
System.Threading.Tasks.AwaitTaskContinuation:RunCallback (System.Threading.ContextCallback,object,System.Threading.Tasks.Task&)
System.Threading.Tasks.SynchronizationContextAwaitTaskContinuation:Run (System.Threading.Tasks.Task,bool)
System.Threading.Tasks.Task:FinishContinuations ()
System.Threading.Tasks.Task:FinishStageThree ()
System.Threading.Tasks.Task`1<AiEditorToolsSdk.Components.Common.Responses.Wrappers.OperationResult`1<AiEditorToolsSdk.Components.GenerativeModels.Responses.ModelListV2.ModelListFullResult>>:TrySetResult (AiEditorToolsSdk.Components.Common.Responses.Wrappers.OperationResult`1<AiEditorToolsSdk.Components.GenerativeModels.Responses.ModelListV2.ModelListFullResult>)
System.Runtime.CompilerServices.AsyncTaskMethodBuilder`1<AiEditorToolsSdk.Components.Common.Responses.Wrappers.OperationResult`1<AiEditorToolsSdk.Components.GenerativeModels.Responses.ModelListV2.ModelListFullResult>>:SetResult (AiEditorToolsSdk.Components.Common.Responses.Wrappers.OperationResult`1<AiEditorToolsSdk.Components.GenerativeModels.Responses.ModelListV2.ModelListFullResult>)
AiEditorToolsSdk.Application.InternalServices.SdkOperation.SdkOperationService/<ExecuteRequest>d__4`1<AiEditorToolsSdk.Components.GenerativeModels.Responses.ModelListV2.ModelListFullResult>:MoveNext ()
System.Runtime.CompilerServices.AsyncMethodBuilderCore/MoveNextRunner:InvokeMoveNext (object)
System.Threading.ExecutionContext:RunInternal (System.Threading.ExecutionContext,System.Threading.ContextCallback,object,bool)
System.Threading.ExecutionContext:Run (System.Threading.ExecutionContext,System.Threading.ContextCallback,object,bool)
System.Runtime.CompilerServices.AsyncMethodBuilderCore/MoveNextRunner:Run ()
System.Threading.Tasks.AwaitTaskContinuation:InvokeAction (object)
System.Threading.Tasks.AwaitTaskContinuation:RunCallback (System.Threading.ContextCallback,object,System.Threading.Tasks.Task&)
System.Threading.Tasks.SynchronizationContextAwaitTaskContinuation:Run (System.Threading.Tasks.Task,bool)
System.Threading.Tasks.Task:FinishContinuations ()
System.Threading.Tasks.Task:FinishStageThree ()
System.Threading.Tasks.Task`1<AiEditorToolsSdk.Components.Common.Responses.Wrappers.OperationResult`1<AiEditorToolsSdk.Components.GenerativeModels.Responses.ModelListV2.ModelListFullResult>>:TrySetResult (AiEditorToolsSdk.Components.Common.Responses.Wrappers.OperationResult`1<AiEditorToolsSdk.Components.GenerativeModels.Responses.ModelListV2.ModelListFullResult>)
System.Runtime.CompilerServices.AsyncTaskMethodBuilder`1<AiEditorToolsSdk.Components.Common.Responses.Wrappers.OperationResult`1<AiEditorToolsSdk.Components.GenerativeModels.Responses.ModelListV2.ModelListFullResult>>:SetResult (AiEditorToolsSdk.Components.Common.Responses.Wrappers.OperationResult`1<AiEditorToolsSdk.Components.GenerativeModels.Responses.ModelListV2.ModelListFullResult>)
AiEditorToolsSdk.Application.Gateways.GenerativeModels.V2.GenerativeModelsGatewayV2/<GetModelsAsync>d__4:MoveNext ()
System.Runtime.CompilerServices.AsyncMethodBuilderCore/MoveNextRunner:InvokeMoveNext (object)
System.Threading.ExecutionContext:RunInternal (System.Threading.ExecutionContext,System.Threading.ContextCallback,object,bool)
System.Threading.ExecutionContext:Run (System.Threading.ExecutionContext,System.Threading.ContextCallback,object,bool)
System.Runtime.CompilerServices.AsyncMethodBuilderCore/MoveNextRunner:Run ()
System.Threading.Tasks.AwaitTaskContinuation:InvokeAction (object)
System.Threading.Tasks.AwaitTaskContinuation:RunCallback (System.Threading.ContextCallback,object,System.Threading.Tasks.Task&)
System.Threading.Tasks.SynchronizationContextAwaitTaskContinuation:Run (System.Threading.Tasks.Task,bool)
System.Threading.Tasks.Task:FinishContinuations ()
System.Threading.Tasks.Task:FinishStageThree ()
System.Threading.Tasks.Task`1<AiEditorToolsSdk.Domain.Core.Results.Result`2<SuperProxyClientV1Namespace.ModelListFullResponse, AiEditorToolsSdk.Domain.Core.Errors.ApiError>>:TrySetResult (AiEditorToolsSdk.Domain.Core.Results.Result`2<SuperProxyClientV1Namespace.ModelListFullResponse, AiEditorToolsSdk.Domain.Core.Errors.ApiError>)
System.Runtime.CompilerServices.AsyncTaskMethodBuilder`1<AiEditorToolsSdk.Domain.Core.Results.Result`2<SuperProxyClientV1Namespace.ModelListFullResponse, AiEditorToolsSdk.Domain.Core.Errors.ApiError>>:SetResult (AiEditorToolsSdk.Domain.Core.Results.Result`2<SuperProxyClientV1Namespace.ModelListFullResponse, AiEditorToolsSdk.Domain.Core.Errors.ApiError>)
AiEditorToolsSdk.Application.InternalServices.ApiClientProcessor.ApiClientProcessorService/<ProcessApiRequest>d__5`1<SuperProxyClientV1Namespace.ModelListFullResponse>:MoveNext ()
System.Runtime.CompilerServices.AsyncMethodBuilderCore/MoveNextRunner:InvokeMoveNext (object)
System.Threading.ExecutionContext:RunInternal (System.Threading.ExecutionContext,System.Threading.ContextCallback,object,bool)
System.Threading.ExecutionContext:Run (System.Threading.ExecutionContext,System.Threading.ContextCallback,object,bool)
System.Runtime.CompilerServices.AsyncMethodBuilderCore/MoveNextRunner:Run ()
System.Threading.Tasks.AwaitTaskContinuation:InvokeAction (object)
System.Threading.Tasks.AwaitTaskContinuation:RunCallback (System.Threading.ContextCallback,object,System.Threading.Tasks.Task&)
System.Threading.Tasks.SynchronizationContextAwaitTaskContinuation:Run (System.Threading.Tasks.Task,bool)
System.Threading.Tasks.Task:FinishContinuations ()
System.Threading.Tasks.Task:FinishStageThree ()
System.Threading.Tasks.Task`1<AiEditorToolsSdk.Domain.Core.Results.Result`2<SuperProxyClientV1Namespace.ModelListFullResponse, AiEditorToolsSdk.Domain.Core.Errors.ApiError>>:TrySetResult (AiEditorToolsSdk.Domain.Core.Results.Result`2<SuperProxyClientV1Namespace.ModelListFullResponse, AiEditorToolsSdk.Domain.Core.Errors.ApiError>)
System.Runtime.CompilerServices.AsyncTaskMethodBuilder`1<AiEditorToolsSdk.Domain.Core.Results.Result`2<SuperProxyClientV1Namespace.ModelListFullResponse, AiEditorToolsSdk.Domain.Core.Errors.ApiError>>:SetResult (AiEditorToolsSdk.Domain.Core.Results.Result`2<SuperProxyClientV1Namespace.ModelListFullResponse, AiEditorToolsSdk.Domain.Core.Errors.ApiError>)
AiEditorToolsSdk.Application.InternalServices.ApiClientProcessor.ApiClientProcessorService/<ProcessApiRequestImpl>d__6`1<SuperProxyClientV1Namespace.ModelListFullResponse>:MoveNext ()
System.Runtime.CompilerServices.AsyncMethodBuilderCore/MoveNextRunner:InvokeMoveNext (object)
System.Threading.ExecutionContext:RunInternal (System.Threading.ExecutionContext,System.Threading.ContextCallback,object,bool)
System.Threading.ExecutionContext:Run (System.Threading.ExecutionContext,System.Threading.ContextCallback,object,bool)
System.Runtime.CompilerServices.AsyncMethodBuilderCore/MoveNextRunner:Run ()
System.Threading.Tasks.AwaitTaskContinuation:InvokeAction (object)
System.Threading.Tasks.AwaitTaskContinuation:RunCallback (System.Threading.ContextCallback,object,System.Threading.Tasks.Task&)
System.Threading.Tasks.SynchronizationContextAwaitTaskContinuation:Run (System.Threading.Tasks.Task,bool)
System.Threading.Tasks.Task:FinishContinuations ()
System.Threading.Tasks.Task:FinishStageThree ()
System.Threading.Tasks.Task:FinishStageTwo ()
System.Threading.Tasks.Task:Finish (bool)
System.Threading.Tasks.Task:TrySetException (object)
System.Runtime.CompilerServices.AsyncTaskMethodBuilder`1<SuperProxyClientV1Namespace.ModelListFullResponse>:SetException (System.Exception)
AiEditorToolsSdk.Application.Gateways.GenerativeModels.V2.GenerativeModelsGatewayV2/<>c__DisplayClass4_0/<<GetModelsAsync>b__0>d:MoveNext ()
System.Runtime.CompilerServices.AsyncMethodBuilderCore/MoveNextRunner:InvokeMoveNext (object)
System.Threading.ExecutionContext:RunInternal (System.Threading.ExecutionContext,System.Threading.ContextCallback,object,bool)
System.Threading.ExecutionContext:Run (System.Threading.ExecutionContext,System.Threading.ContextCallback,object,bool)
System.Runtime.CompilerServices.AsyncMethodBuilderCore/MoveNextRunner:Run ()
System.Threading.Tasks.SynchronizationContextAwaitTaskContinuation/<>c:<.cctor>b__7_0 (object)
UnityEngine.UnitySynchronizationContext/WorkRequest:Invoke ()
UnityEngine.UnitySynchronizationContext:Exec ()
UnityEngine.UnitySynchronizationContext:ExecuteTasks ()

(Filename: ./Library/PackageCache/com.unity.ai.assistant@6fee27370e6a/Modules/Unity.AI.ModelSelector/Services/Stores/Actions/ModelSelectorSuperProxyActions.cs Line: 487)

Error reason is 'NoSubscription' and no additional error information was provided (https://generators.ai.unity.com).
UnityEngine.Debug:ExtractStackTraceNoAlloc (byte*,int,string)
UnityEngine.StackTraceUtility:ExtractStackTrace ()
UnityEngine.DebugLogHandler:Internal_Log (UnityEngine.LogType,UnityEngine.LogOption,string,UnityEngine.Object)
UnityEngine.DebugLogHandler:LogFormat (UnityEngine.LogType,UnityEngine.Object,string,object[])
UnityEngine.Logger:Log (UnityEngine.LogType,object)
UnityEngine.Debug:Log (object)
Unity.AI.ModelSelector.Services.Stores.Actions.ModelSelectorSuperProxyActions/<>c/<<-cctor>b__8_0>d:MoveNext () (at ./Library/PackageCache/com.unity.ai.assistant@6fee27370e6a/Modules/Unity.AI.ModelSelector/Services/Stores/Actions/ModelSelectorSuperProxyActions.cs:487)
System.Runtime.CompilerServices.AsyncMethodBuilderCore/MoveNextRunner:InvokeMoveNext (object)
System.Threading.ExecutionContext:RunInternal (System.Threading.ExecutionContext,System.Threading.ContextCallback,object,bool)
System.Threading.ExecutionContext:Run (System.Threading.ExecutionContext,System.Threading.ContextCallback,object,bool)
System.Runtime.CompilerServices.AsyncMethodBuilderCore/MoveNextRunner:Run ()
System.Threading.Tasks.AwaitTaskContinuation:InvokeAction (object)
System.Threading.Tasks.AwaitTaskContinuation:RunCallback (System.Threading.ContextCallback,object,System.Threading.Tasks.Task&)
System.Threading.Tasks.SynchronizationContextAwaitTaskContinuation:Run (System.Threading.Tasks.Task,bool)
System.Threading.Tasks.Task:FinishContinuations ()
System.Threading.Tasks.Task:FinishStageThree ()
System.Threading.Tasks.Task`1<AiEditorToolsSdk.Components.Common.Responses.Wrappers.OperationResult`1<AiEditorToolsSdk.Components.GenerativeModels.Responses.ModelListV2.ModelListFullResult>>:TrySetResult (AiEditorToolsSdk.Components.Common.Responses.Wrappers.OperationResult`1<AiEditorToolsSdk.Components.GenerativeModels.Responses.ModelListV2.ModelListFullResult>)
System.Runtime.CompilerServices.AsyncTaskMethodBuilder`1<AiEditorToolsSdk.Components.Common.Responses.Wrappers.OperationResult`1<AiEditorToolsSdk.Components.GenerativeModels.Responses.ModelListV2.ModelListFullResult>>:SetResult (AiEditorToolsSdk.Components.Common.Responses.Wrappers.OperationResult`1<AiEditorToolsSdk.Components.GenerativeModels.Responses.ModelListV2.ModelListFullResult>)
AiEditorToolsSdk.Components.GenerativeModels.GenerativeModelsComponentV2/<GetModelsAsync>d__5:MoveNext ()
System.Runtime.CompilerServices.AsyncMethodBuilderCore/MoveNextRunner:InvokeMoveNext (object)
System.Threading.ExecutionContext:RunInternal (System.Threading.ExecutionContext,System.Threading.ContextCallback,object,bool)
System.Threading.ExecutionContext:Run (System.Threading.ExecutionContext,System.Threading.ContextCallback,object,bool)
System.Runtime.CompilerServices.AsyncMethodBuilderCore/MoveNextRunner:Run ()
System.Threading.Tasks.AwaitTaskContinuation:InvokeAction (object)
System.Threading.Tasks.AwaitTaskContinuation:RunCallback (System.Threading.ContextCallback,object,System.Threading.Tasks.Task&)
System.Threading.Tasks.SynchronizationContextAwaitTaskContinuation:Run (System.Threading.Tasks.Task,bool)
System.Threading.Tasks.Task:FinishContinuations ()
System.Threading.Tasks.Task:FinishStageThree ()
System.Threading.Tasks.Task`1<AiEditorToolsSdk.Components.Common.Responses.Wrappers.OperationResult`1<AiEditorToolsSdk.Components.GenerativeModels.Responses.ModelListV2.ModelListFullResult>>:TrySetResult (AiEditorToolsSdk.Components.Common.Responses.Wrappers.OperationResult`1<AiEditorToolsSdk.Components.GenerativeModels.Responses.ModelListV2.ModelListFullResult>)
System.Runtime.CompilerServices.AsyncTaskMethodBuilder`1<AiEditorToolsSdk.Components.Common.Responses.Wrappers.OperationResult`1<AiEditorToolsSdk.Components.GenerativeModels.Responses.ModelListV2.ModelListFullResult>>:SetResult (AiEditorToolsSdk.Components.Common.Responses.Wrappers.OperationResult`1<AiEditorToolsSdk.Components.GenerativeModels.Responses.ModelListV2.ModelListFullResult>)
AiEditorToolsSdk.Application.InternalServices.SdkOperation.SdkOperationService/<ExecuteRequest>d__4`1<AiEditorToolsSdk.Components.GenerativeModels.Responses.ModelListV2.ModelListFullResult>:MoveNext ()
System.Runtime.CompilerServices.AsyncMethodBuilderCore/MoveNextRunner:InvokeMoveNext (object)
System.Threading.ExecutionContext:RunInternal (System.Threading.ExecutionContext,System.Threading.ContextCallback,object,bool)
System.Threading.ExecutionContext:Run (System.Threading.ExecutionContext,System.Threading.ContextCallback,object,bool)
System.Runtime.CompilerServices.AsyncMethodBuilderCore/MoveNextRunner:Run ()
System.Threading.Tasks.AwaitTaskContinuation:InvokeAction (object)
System.Threading.Tasks.AwaitTaskContinuation:RunCallback (System.Threading.ContextCallback,object,System.Threading.Tasks.Task&)
System.Threading.Tasks.SynchronizationContextAwaitTaskContinuation:Run (System.Threading.Tasks.Task,bool)
System.Threading.Tasks.Task:FinishContinuations ()
System.Threading.Tasks.Task:FinishStageThree ()
System.Threading.Tasks.Task`1<AiEditorToolsSdk.Components.Common.Responses.Wrappers.OperationResult`1<AiEditorToolsSdk.Components.GenerativeModels.Responses.ModelListV2.ModelListFullResult>>:TrySetResult (AiEditorToolsSdk.Components.Common.Responses.Wrappers.OperationResult`1<AiEditorToolsSdk.Components.GenerativeModels.Responses.ModelListV2.ModelListFullResult>)
System.Runtime.CompilerServices.AsyncTaskMethodBuilder`1<AiEditorToolsSdk.Components.Common.Responses.Wrappers.OperationResult`1<AiEditorToolsSdk.Components.GenerativeModels.Responses.ModelListV2.ModelListFullResult>>:SetResult (AiEditorToolsSdk.Components.Common.Responses.Wrappers.OperationResult`1<AiEditorToolsSdk.Components.GenerativeModels.Responses.ModelListV2.ModelListFullResult>)
AiEditorToolsSdk.Application.Gateways.GenerativeModels.V2.GenerativeModelsGatewayV2/<GetModelsAsync>d__4:MoveNext ()
System.Runtime.CompilerServices.AsyncMethodBuilderCore/MoveNextRunner:InvokeMoveNext (object)
System.Threading.ExecutionContext:RunInternal (System.Threading.ExecutionContext,System.Threading.ContextCallback,object,bool)
System.Threading.ExecutionContext:Run (System.Threading.ExecutionContext,System.Threading.ContextCallback,object,bool)
System.Runtime.CompilerServices.AsyncMethodBuilderCore/MoveNextRunner:Run ()
System.Threading.Tasks.AwaitTaskContinuation:InvokeAction (object)
System.Threading.Tasks.AwaitTaskContinuation:RunCallback (System.Threading.ContextCallback,object,System.Threading.Tasks.Task&)
System.Threading.Tasks.SynchronizationContextAwaitTaskContinuation:Run (System.Threading.Tasks.Task,bool)
System.Threading.Tasks.Task:FinishContinuations ()
System.Threading.Tasks.Task:FinishStageThree ()
System.Threading.Tasks.Task`1<AiEditorToolsSdk.Domain.Core.Results.Result`2<SuperProxyClientV1Namespace.ModelListFullResponse, AiEditorToolsSdk.Domain.Core.Errors.ApiError>>:TrySetResult (AiEditorToolsSdk.Domain.Core.Results.Result`2<SuperProxyClientV1Namespace.ModelListFullResponse, AiEditorToolsSdk.Domain.Core.Errors.ApiError>)
System.Runtime.CompilerServices.AsyncTaskMethodBuilder`1<AiEditorToolsSdk.Domain.Core.Results.Result`2<SuperProxyClientV1Namespace.ModelListFullResponse, AiEditorToolsSdk.Domain.Core.Errors.ApiError>>:SetResult (AiEditorToolsSdk.Domain.Core.Results.Result`2<SuperProxyClientV1Namespace.ModelListFullResponse, AiEditorToolsSdk.Domain.Core.Errors.ApiError>)
AiEditorToolsSdk.Application.InternalServices.ApiClientProcessor.ApiClientProcessorService/<ProcessApiRequest>d__5`1<SuperProxyClientV1Namespace.ModelListFullResponse>:MoveNext ()
System.Runtime.CompilerServices.AsyncMethodBuilderCore/MoveNextRunner:InvokeMoveNext (object)
System.Threading.ExecutionContext:RunInternal (System.Threading.ExecutionContext,System.Threading.ContextCallback,object,bool)
System.Threading.ExecutionContext:Run (System.Threading.ExecutionContext,System.Threading.ContextCallback,object,bool)
System.Runtime.CompilerServices.AsyncMethodBuilderCore/MoveNextRunner:Run ()
System.Threading.Tasks.AwaitTaskContinuation:InvokeAction (object)
System.Threading.Tasks.AwaitTaskContinuation:RunCallback (System.Threading.ContextCallback,object,System.Threading.Tasks.Task&)
System.Threading.Tasks.SynchronizationContextAwaitTaskContinuation:Run (System.Threading.Tasks.Task,bool)
System.Threading.Tasks.Task:FinishContinuations ()
System.Threading.Tasks.Task:FinishStageThree ()
System.Threading.Tasks.Task`1<AiEditorToolsSdk.Domain.Core.Results.Result`2<SuperProxyClientV1Namespace.ModelListFullResponse, AiEditorToolsSdk.Domain.Core.Errors.ApiError>>:TrySetResult (AiEditorToolsSdk.Domain.Core.Results.Result`2<SuperProxyClientV1Namespace.ModelListFullResponse, AiEditorToolsSdk.Domain.Core.Errors.ApiError>)
System.Runtime.CompilerServices.AsyncTaskMethodBuilder`1<AiEditorToolsSdk.Domain.Core.Results.Result`2<SuperProxyClientV1Namespace.ModelListFullResponse, AiEditorToolsSdk.Domain.Core.Errors.ApiError>>:SetResult (AiEditorToolsSdk.Domain.Core.Results.Result`2<SuperProxyClientV1Namespace.ModelListFullResponse, AiEditorToolsSdk.Domain.Core.Errors.ApiError>)
AiEditorToolsSdk.Application.InternalServices.ApiClientProcessor.ApiClientProcessorService/<ProcessApiRequestImpl>d__6`1<SuperProxyClientV1Namespace.ModelListFullResponse>:MoveNext ()
System.Runtime.CompilerServices.AsyncMethodBuilderCore/MoveNextRunner:InvokeMoveNext (object)
System.Threading.ExecutionContext:RunInternal (System.Threading.ExecutionContext,System.Threading.ContextCallback,object,bool)
System.Threading.ExecutionContext:Run (System.Threading.ExecutionContext,System.Threading.ContextCallback,object,bool)
System.Runtime.CompilerServices.AsyncMethodBuilderCore/MoveNextRunner:Run ()
System.Threading.Tasks.AwaitTaskContinuation:InvokeAction (object)
System.Threading.Tasks.AwaitTaskContinuation:RunCallback (System.Threading.ContextCallback,object,System.Threading.Tasks.Task&)
System.Threading.Tasks.SynchronizationContextAwaitTaskContinuation:Run (System.Threading.Tasks.Task,bool)
System.Threading.Tasks.Task:FinishContinuations ()
System.Threading.Tasks.Task:FinishStageThree ()
System.Threading.Tasks.Task:FinishStageTwo ()
System.Threading.Tasks.Task:Finish (bool)
System.Threading.Tasks.Task:TrySetException (object)
System.Runtime.CompilerServices.AsyncTaskMethodBuilder`1<SuperProxyClientV1Namespace.ModelListFullResponse>:SetException (System.Exception)
AiEditorToolsSdk.Application.Gateways.GenerativeModels.V2.GenerativeModelsGatewayV2/<>c__DisplayClass4_0/<<GetModelsAsync>b__0>d:MoveNext ()
System.Runtime.CompilerServices.AsyncMethodBuilderCore/MoveNextRunner:InvokeMoveNext (object)
System.Threading.ExecutionContext:RunInternal (System.Threading.ExecutionContext,System.Threading.ContextCallback,object,bool)
System.Threading.ExecutionContext:Run (System.Threading.ExecutionContext,System.Threading.ContextCallback,object,bool)
System.Runtime.CompilerServices.AsyncMethodBuilderCore/MoveNextRunner:Run ()
System.Threading.Tasks.SynchronizationContextAwaitTaskContinuation/<>c:<.cctor>b__7_0 (object)
UnityEngine.UnitySynchronizationContext/WorkRequest:Invoke ()
UnityEngine.UnitySynchronizationContext:Exec ()
UnityEngine.UnitySynchronizationContext:ExecuteTasks ()

(Filename: ./Library/PackageCache/com.unity.ai.assistant@6fee27370e6a/Modules/Unity.AI.ModelSelector/Services/Stores/Actions/ModelSelectorSuperProxyActions.cs Line: 487)

Start Indexing on Editor startup
[Indexing] Starting Initial Indexing for Assets
[INFO ] [relay] relay.startup port=9001 mcpClientPort=9002 editorPid=39040
[INFO ] [relay] log === RELAY SERVER STARTED === (unity-ai-relay v1.0.12-build.96)
[INFO ] [relay] log Starting relay server...
[INFO ] [relay] log Command line arguments: ["bun","B:/~BUN/root/relay_win.exe","--relay","--port","9001","--mcp-client-port","9002","--editor-pid","39040","--shutdown-delay","180","--log-dir","C:\\Users\\joema\\OneDrive\\Documents\\Unity\\CRPG-Test\\Logs"]
[INFO ] [relay] log Parsed config: {"port":9001,"mcpClientPort":9002,"editorPid":"39040","shutdownDelaySeconds":180}
[INFO ] [relay] log Initializing relay components...
[INFO ] [relay] log Creating RelayEditor...
[INFO ] [relay] log WebSocket server started
[INFO ] [relay] log Relay server initialization completed
[INFO ] [relay] log MCP Client initialized at port: 9002
[WARN ] [relay] log [shell-env] Shell environment did not contain a PATH variable
[INFO ] [relay] log Unity MCP Relay server started | Port: 9002 | Endpoints: /mcp/start-server, /mcp/stop-server, /mcp/server-status, /mcp/call-tool
[INFO ] [relay] log Unity client connected with ID: editor-39040-a4tye8 (relay 1.0.12-build.96)
[INFO ] [relay] connection.established clientId=editor-39040-a4tye8 port=9001
Request Asset Garbage Collect because used heap size increased from 1.28 GB to 1.61 GB, exceeding the threshold of 326.6 MB.
Unloading 77 Unused Serialized files (Serialized files now loaded: 0)
Asset Pipeline Refresh (id=859070fef1ddcfc41b1f390abca48a4a): Total: 0.007 seconds - Initiated by RefreshV2(AllowForceSynchronousImport)
Unloading 65 unused Assets / (9.0 KB). Loaded Objects now: 37121.
Memory consumption went from 1.61 GB to 1.61 GB.
Total: 54.429400 ms (FindLiveObjects: 4.474100 ms CreateObjectMapping: 6.779400 ms MarkObjects: 41.746700 ms  DeleteObjects: 1.426100 ms)

[Licensing::Client] Error: Code 404 while processing request (status: Found 0 entitlement groups and 0 free entitlements matching requested entitlement ids)
Starting new worker id: 1 with log in C:/Users/joema/OneDrive/Documents/Unity/CRPG-Test/Logs/AssetImportWorkerHW1.log
[Worker0] Imported GUID: c4e843b5c5bab1e40b9a58568767fa27 - Path: Assets/Scripts/UI/SimpleObjectUI.cs - Importer: ScriptedImporter/UnityEditor.QuickSearchModule:UnityEditor.Search:ASIAI0B -> (ImportResultId: '572a2f89596164c19ed02e19626479fa') in 0.1278903 seconds
Starting new worker id: 2 with log in C:/Users/joema/OneDrive/Documents/Unity/CRPG-Test/Logs/AssetImportWorkerHW2.log
[Worker0] Failed to parse at "---" in text file Assets/Prefabs/NPC_Basic.prefab at line 3.
UnityEngine.Debug:ExtractStackTraceNoAlloc (byte*,int,string)
UnityEngine.StackTraceUtility:ExtractStackTrace ()
UnityEditor.AssetDatabase:GetDependencies (string,bool)
UnityEditor.Search.AssetIndexer:IndexDependencies (int&,string&)
UnityEditor.Search.AssetIndexer:IndexDocument (string,bool)
UnityEditor.Search.SearchIndexArtifactImporter:OnImportAsset (UnityEditor.AssetImporters.AssetImportContext)
UnityEditor.AssetImporters.ScriptedImporter:GenerateAssetData (UnityEditor.AssetImporters.AssetImportContext)

[C:\build\output\unity\unity\Runtime\Serialize\SerializedFile.cpp line 1253]

[Worker0] Could not extract 'TypeID' at " 1 &1111111111111111" in text file Assets/Prefabs/NPC_Basic.prefab at line 22. This is not a number.
UnityEngine.Debug:ExtractStackTraceNoAlloc (byte*,int,string)
UnityEngine.StackTraceUtility:ExtractStackTrace ()
UnityEditor.AssetDatabase:GetDependencies (string,bool)
UnityEditor.Search.AssetIndexer:IndexDependencies (int&,string&)
UnityEditor.Search.AssetIndexer:IndexDocument (string,bool)
UnityEditor.Search.SearchIndexArtifactImporter:OnImportAsset (UnityEditor.AssetImporters.AssetImportContext)
UnityEditor.AssetImporters.ScriptedImporter:GenerateAssetData (UnityEditor.AssetImporters.AssetImportContext)

[C:\build\output\unity\unity\Runtime\Serialize\SerializedFile.cpp line 999]

[Worker0] Could not extract 'TypeID' at " 114 &22222222222222" in text file Assets/Prefabs/NPC_Basic.prefab at line 37. This is not a number.
UnityEngine.Debug:ExtractStackTraceNoAlloc (byte*,int,string)
UnityEngine.StackTraceUtility:ExtractStackTrace ()
UnityEditor.AssetDatabase:GetDependencies (string,bool)
UnityEditor.Search.AssetIndexer:IndexDependencies (int&,string&)
UnityEditor.Search.AssetIndexer:IndexDocument (string,bool)
UnityEditor.Search.SearchIndexArtifactImporter:OnImportAsset (UnityEditor.AssetImporters.AssetImportContext)
UnityEditor.AssetImporters.ScriptedImporter:GenerateAssetData (UnityEditor.AssetImporters.AssetImportContext)

[C:\build\output\unity\unity\Runtime\Serialize\SerializedFile.cpp line 999]

[Worker0] Could not extract 'TypeID' at " 114 &33333333333333" in text file Assets/Prefabs/NPC_Basic.prefab at line 80. This is not a number.
UnityEngine.Debug:ExtractStackTraceNoAlloc (byte*,int,string)
UnityEngine.StackTraceUtility:ExtractStackTrace ()
UnityEditor.AssetDatabase:GetDependencies (string,bool)
UnityEditor.Search.AssetIndexer:IndexDependencies (int&,string&)
UnityEditor.Search.AssetIndexer:IndexDocument (string,bool)
UnityEditor.Search.SearchIndexArtifactImporter:OnImportAsset (UnityEditor.AssetImporters.AssetImportContext)
UnityEditor.AssetImporters.ScriptedImporter:GenerateAssetData (UnityEditor.AssetImporters.AssetImportContext)

[C:\build\output\unity\unity\Runtime\Serialize\SerializedFile.cpp line 999]

[Worker0] Could not extract 'TypeID' at " 114 &44444444444444" in text file Assets/Prefabs/NPC_Basic.prefab at line 110. This is not a number.
UnityEngine.Debug:ExtractStackTraceNoAlloc (byte*,int,string)
UnityEngine.StackTraceUtility:ExtractStackTrace ()
UnityEditor.AssetDatabase:GetDependencies (string,bool)
UnityEditor.Search.AssetIndexer:IndexDependencies (int&,string&)
UnityEditor.Search.AssetIndexer:IndexDocument (string,bool)
UnityEditor.Search.SearchIndexArtifactImporter:OnImportAsset (UnityEditor.AssetImporters.AssetImportContext)
UnityEditor.AssetImporters.ScriptedImporter:GenerateAssetData (UnityEditor.AssetImporters.AssetImportContext)

[C:\build\output\unity\unity\Runtime\Serialize\SerializedFile.cpp line 999]

[Worker0] Could not extract 'TypeID' at " 1001 &4343434343434" in text file Assets/Prefabs/NPC_Basic.prefab at line 129. This is not a number.
UnityEngine.Debug:ExtractStackTraceNoAlloc (byte*,int,string)
UnityEngine.StackTraceUtility:ExtractStackTrace ()
UnityEditor.AssetDatabase:GetDependencies (string,bool)
UnityEditor.Search.AssetIndexer:IndexDependencies (int&,string&)
UnityEditor.Search.AssetIndexer:IndexDocument (string,bool)
UnityEditor.Search.SearchIndexArtifactImporter:OnImportAsset (UnityEditor.AssetImporters.AssetImportContext)
UnityEditor.AssetImporters.ScriptedImporter:GenerateAssetData (UnityEditor.AssetImporters.AssetImportContext)

[C:\build\output\unity\unity\Runtime\Serialize\SerializedFile.cpp line 999]

[Worker0] Imported GUID: b0e57b2fe04ad804d9a40faf593b20eb - Path: Assets/Prefabs/NPC_Basic.prefab - Importer: ScriptedImporter/UnityEditor.QuickSearchModule:UnityEditor.Search:ASIAI0B -> (ImportResultId: '0468da3536731255145b6ceae50f90f5') in 0.1067274 seconds
[Worker0] Imported GUID: fdd0c86252b6f8b4ebd58b03f01bb4f9 - Path: Assets/Scripts/Interactable/ClickableObject.cs - Importer: ScriptedImporter/UnityEditor.QuickSearchModule:UnityEditor.Search:ASIAI0B -> (ImportResultId: '6e39c91ceee12f1db942a4defb2466d1') in 0.0380998 seconds
[Worker0] Imported GUID: 0b73de88abce3e04ba5e1e6ca2907bfc - Path: Assets/Dialogue Database.asset - Importer: ScriptedImporter/UnityEditor.QuickSearchModule:UnityEditor.Search:ASIAI0B -> (ImportResultId: '5bd28a2fa411b00088de04e6240b15f4') in 0.1017001 seconds
[Worker0] Imported GUID: c3f984bc5238f8940bd28302de067b3b - Path: Assets/Scenes/UpdatedDemoScene.unity - Importer: ScriptedImporter/UnityEditor.QuickSearchModule:UnityEditor.Search:ASIAI0B -> (ImportResultId: 'dd60ad67b73fa028fe256cd3e69801c8') in 0.5620062 seconds
[Worker0] Imported GUID: d864a67dd92e7234dbef49db72fa0d90 - Path: Assets/Scripts/NPC/NPCController.cs - Importer: ScriptedImporter/UnityEditor.QuickSearchModule:UnityEditor.Search:ASIAI0B -> (ImportResultId: 'df3094600c7487be98b6d70626cf7dbe') in 0.0324756 seconds
[Worker0] Imported GUID: 2dfe43d1cb93e184da460d701d040ece - Path: Assets/Scripts/UI/RightPanelDialogueUI.cs - Importer: ScriptedImporter/UnityEditor.QuickSearchModule:UnityEditor.Search:ASIAI0B -> (ImportResultId: '3b3e516cb207e5cb6be2b22b8dfef318') in 0.0294582 seconds
[Worker0] Imported GUID: 1b63774763247a44faa6e7a7e32873e8 - Path: Assets/Scripts/UI/SimpleDescriptionPopup.cs - Importer: ScriptedImporter/UnityEditor.QuickSearchModule:UnityEditor.Search:ASIAI0B -> (ImportResultId: '8ac260832188016aa0cd00804037d58f') in 0.031958 seconds
